OrderID,CustomerID,Product,Quantity,Price,OrderDate,Region
1,CUST1098,Phone,7,1323.86,2021-01-01,East
2,CUST1061,Keyboard,4,698.01,2021-01-02,North
3,CUST1038,Headphones,8,1107.83,2021-01-03,North
4,CUST1100,Headphones,5,1011.89,2021-01-04,South
5,CUST1000,Tablet,7,208.98,2021-01-05,East
6,CUST1006,Laptop,3,836.36,2021-01-06,South
7,CUST1096,Laptop,7,480.09,2021-01-07,West
8,CUST1048,Laptop,8,865.88,2021-01-08,West
9,CUST1068,Laptop,5,446.98,2021-01-09,East
10,CUST1026,Phone,4,1688.88,2021-01-10,West
11,CUST1035,Keyboard,8,389.68,2021-01-11,East
12,CUST1005,Tablet,8,1923.52,2021-01-12,South
13,CUST1026,Mouse,3,861.02,2021-01-13,West
14,CUST1097,,6,1700.18,2021-01-14,North
15,CUST1085,Keyboard,5,1276.09,2021-01-15,West
16,CUST1023,Mouse,2,1483.93,2021-01-16,East
17,,Mouse,8,1547.06,2021-01-17,North
18,CUST1045,Mouse,6,1034.45,2021-01-18,West
19,CUST1000,Headphones,2,1109.44,2021-01-19,East
20,CUST1086,Headphones,5,1052.29,2021-01-20,North
21,CUST1005,Keyboard,1,1196.71,2021-01-21,South
22,CUST1010,Tablet,6,107.32,2021-01-22,North
23,CUST1052,Tablet,9,821.25,2021-01-23,East
24,CUST1098,Keyboard,1,1232.07,2021-01-24,West
25,CUST1034,Phone,3,1215.56,2021-01-25,East
26,CUST1012,Tablet,7,1596.26,2021-01-26,North
27,CUST1054,Tablet,4,1327.27,2021-01-27,East
28,CUST1069,Mouse,9,1984.66,2021-01-28,East
29,CUST1032,Headphones,3,603.52,2021-01-29,North
30,CUST1011,Phone,5,750.34,2021-01-30,East
31,CUST1096,Monitor,3,798.5,2021-01-31,East
32,CUST1075,Phone,7,958.33,2021-02-01,North
33,CUST1053,Tablet,5,1680.2,2021-02-02,South
34,CUST1019,Tablet,9,509.79,2021-02-03,North
35,CUST1030,Headphones,7,1563.2,2021-02-04,West
36,CUST1027,Mouse,2,840.35,2021-02-05,West
37,CUST1001,Monitor,4,1223.62,2021-02-06,East
38,CUST1082,Phone,9,1283.45,2021-02-07,West
39,CUST1073,Tablet,2,777.05,2021-02-08,East
40,CUST1019,Laptop,9,1049.6,2021-02-09,East
41,CUST1005,Laptop,5,855.41,2021-02-10,North
42,CUST1070,Laptop,2,184.81,2021-02-11,East
43,CUST1072,Mouse,4,902.47,2021-02-12,East
44,CUST1078,Tablet,7,239.92,2021-02-13,East
45,CUST1059,Phone,8,839.79,2021-02-14,North
46,CUST1022,Tablet,3,1206.19,2021-02-15,East
47,CUST1064,Monitor,1,1179.86,2021-02-16,East
48,CUST1095,Phone,4,1342.11,2021-02-17,West
49,CUST1061,Tablet,2,235.76,2021-02-18,West
50,CUST1084,Keyboard,8,1321.64,2021-02-19,North
51,CUST1030,Tablet,4,658.69,2021-02-20,South
52,CUST1052,Tablet,2,828.14,2021-02-21,West
53,CUST1089,Phone,6,1723.07,2021-02-22,South
54,CUST1029,Headphones,6,67.61,2021-02-23,South
55,CUST1097,Tablet,4,1197.4,2021-02-24,North
56,CUST1057,Tablet,6,1217.49,2021-02-25,
57,CUST1064,Headphones,2,823.49,2021-02-26,South
58,CUST1026,Mouse,2,512.2,2021-02-27,East
59,CUST1087,Mouse,4,507.61,2021-02-28,East
60,CUST1014,Mouse,8,1773.23,2021-03-01,South
61,CUST1044,Mouse,7,911.95,2021-03-02,East
62,CUST1070,,9,695.23,2021-03-03,West
63,CUST1028,Headphones,8,925.12,2021-03-04,East
64,CUST1046,Phone,5,1355.31,2021-03-05,South
65,CUST1059,Phone,2,334.23,2021-03-06,East
66,CUST1036,Keyboard,5,926.4,2021-03-07,North
67,CUST1038,Mouse,8,1196.37,2021-03-08,South
68,CUST1013,Headphones,9,1899.74,2021-03-09,West
69,CUST1077,Monitor,9,542.43,2021-03-10,East
70,CUST1033,Monitor,1,750.54,2021-03-11,West
71,CUST1005,Laptop,9,789.75,2021-03-12,East
72,CUST1023,Headphones,7,1230.8,2021-03-13,West
73,CUST1100,Monitor,9,745.63,2021-03-14,South
74,CUST1069,Phone,8,1090.35,2021-03-15,South
75,CUST1019,Tablet,1,1574.49,2021-03-16,East
76,CUST1053,Monitor,8,1425.5,2021-03-17,East
77,CUST1017,Keyboard,8,920.42,2021-03-18,East
78,CUST1003,Laptop,3,1735.22,2021-03-19,East
79,CUST1047,Laptop,1,1138.37,2021-03-20,North
80,CUST1076,Laptop,8,1102.82,2021-03-21,East
81,CUST1086,Laptop,3,116.67,2021-03-22,West
82,CUST1076,Keyboard,3,1974.05,2021-03-23,West
83,CUST1091,Tablet,1,289.79,2021-03-24,East
84,CUST1047,Mouse,5,500.71,2021-03-25,South
85,CUST1069,Phone,7,150.81,2021-03-26,North
86,CUST1044,Headphones,9,1298.01,2021-03-27,West
87,CUST1071,Mouse,7,488.17,2021-03-28,East
88,CUST1015,Headphones,9,401.02,2021-03-29,West
89,CUST1005,Monitor,8,222.68,2021-03-30,South
90,CUST1092,Tablet,2,251.45,2021-03-31,East
91,CUST1022,Laptop,1,1190.11,2021-04-01,East
92,CUST1089,Keyboard,7,1392.01,2021-04-02,North
93,CUST1046,Tablet,7,824.89,2021-04-03,West
94,CUST1018,,8,985.8,2021-04-04,West
95,CUST1077,Tablet,5,1387.64,2021-04-05,South
96,CUST1036,Tablet,3,83.89,2021-04-06,North
97,CUST1078,Monitor,8,680.1,2021-04-07,North
98,CUST1042,Mouse,6,1947.54,2021-04-08,West
99,CUST1074,Laptop,3,1181.22,2021-04-09,North
100,CUST1034,Keyboard,1,545.74,2021-04-10,South
101,CUST1031,Mouse,3,1067.37,2021-04-11,West
102,CUST1094,Keyboard,5,718.17,2021-04-12,South
103,CUST1033,Tablet,3,1087.88,2021-04-13,East
104,CUST1055,Laptop,1,295.2,2021-04-14,North
105,CUST1054,Phone,5,308.79,2021-04-15,North
106,CUST1038,Headphones,7,329.91,2021-04-16,North
107,CUST1039,Keyboard,7,1882.65,2021-04-17,West
108,CUST1057,Phone,9,1479.15,2021-04-18,East
109,,Phone,3,366.64,2021-04-19,South
110,CUST1036,Monitor,7,417.28,2021-04-20,East
111,CUST1061,Phone,1,1475.12,2021-04-21,East
112,CUST1009,Headphones,4,354.52,2021-04-22,East
113,CUST1085,Headphones,4,507.39,2021-04-23,North
114,CUST1028,Keyboard,5,1928.53,2021-04-24,South
115,CUST1091,Phone,7,547.85,2021-04-25,South
116,CUST1100,Monitor,7,1340.18,2021-04-26,East
117,CUST1011,Laptop,4,1958.33,2021-04-27,North
118,CUST1024,Monitor,7,779.88,2021-04-28,South
119,CUST1061,Mouse,3,84.16,2021-04-29,East
120,CUST1037,Keyboard,6,526.09,2021-04-30,North
121,CUST1038,Tablet,2,1670.21,2021-05-01,North
122,CUST1011,Laptop,9,1735.99,2021-05-02,North
123,CUST1095,Tablet,5,1548.61,2021-05-03,North
124,CUST1090,Monitor,6,270.56,2021-05-04,East
125,CUST1045,Phone,4,1601.25,2021-05-05,East
126,CUST1044,Mouse,7,1841.42,2021-05-06,South
127,CUST1058,Headphones,9,1221.19,2021-05-07,East
128,CUST1066,Keyboard,7,1884.71,2021-05-08,South
129,CUST1023,Headphones,1,1662.34,2021-05-09,East
130,CUST1064,,1,1350.59,2021-05-10,East
131,CUST1011,Mouse,9,1175.51,2021-05-11,West
132,CUST1064,Headphones,9,729.72,2021-05-12,West
133,CUST1069,Tablet,4,360.61,2021-05-13,East
134,CUST1012,Keyboard,9,1229.66,2021-05-14,South
135,,Phone,3,670.32,2021-05-15,West
136,CUST1006,Phone,7,1739.56,2021-05-16,West
137,CUST1084,Monitor,6,1987.01,2021-05-17,East
138,CUST1061,Headphones,8,1517.23,2021-05-18,East
139,CUST1084,Phone,9,226.44,2021-05-19,South
140,CUST1070,Laptop,5,612.94,2021-05-20,West
141,CUST1058,Headphones,1,262.76,2021-05-21,West
142,CUST1100,Tablet,3,1318.5,2021-05-22,North
143,CUST1044,,8,1542.12,2021-05-23,North
144,CUST1059,Headphones,6,1855.07,2021-05-24,East
145,CUST1053,Tablet,8,904.44,2021-05-25,East
146,CUST1011,Keyboard,9,1807.68,2021-05-26,West
147,CUST1086,Tablet,4,1761.89,2021-05-27,North
148,CUST1071,Mouse,1,668.53,2021-05-28,North
149,CUST1046,Tablet,1,1744.36,2021-05-29,North
150,CUST1007,Mouse,4,782.56,2021-05-30,West
151,CUST1076,Headphones,7,628.9,2021-05-31,West
152,CUST1085,Phone,2,1315.7,2021-06-01,West
153,CUST1054,Phone,3,690.34,2021-06-02,East
154,CUST1072,Tablet,1,1278.91,2021-06-03,South
155,CUST1061,Headphones,5,1239.17,2021-06-04,East
156,CUST1024,Headphones,1,1148.71,2021-06-05,North
157,CUST1057,Phone,8,791.82,2021-06-06,East
158,CUST1088,Keyboard,1,1119.57,2021-06-07,West
159,CUST1005,Tablet,1,1213.15,2021-06-08,North
160,CUST1084,Headphones,2,1114.09,2021-06-09,East
161,CUST1032,Phone,2,916.62,2021-06-10,North
162,CUST1083,Keyboard,6,78.6,2021-06-11,
163,CUST1030,Headphones,7,1194.77,2021-06-12,East
164,CUST1008,Monitor,5,378.47,2021-06-13,East
165,CUST1072,Laptop,1,1303.02,2021-06-14,North
166,CUST1072,Mouse,1,1530.72,2021-06-15,West
167,CUST1061,Headphones,3,1025.87,2021-06-16,South
168,CUST1086,Keyboard,2,1107.61,2021-06-17,West
169,CUST1036,Mouse,5,1905.38,2021-06-18,West
170,CUST1031,Phone,6,1701.98,2021-06-19,West
171,CUST1084,Headphones,7,1832.76,2021-06-20,West
172,CUST1072,Keyboard,4,1636.84,2021-06-21,West
173,CUST1070,Headphones,7,262.39,2021-06-22,North
174,CUST1094,Monitor,8,340.53,2021-06-23,East
175,CUST1025,Phone,1,1076.92,2021-06-24,West
176,CUST1059,Laptop,6,529.84,2021-06-25,North
177,CUST1052,Mouse,8,979.56,2021-06-26,North
178,CUST1069,Mouse,5,819.01,2021-06-27,West
179,CUST1009,Phone,4,1121.36,2021-06-28,North
180,CUST1034,Phone,2,1506.41,2021-06-29,East
181,CUST1006,Monitor,6,1445.21,2021-06-30,East
182,CUST1097,Tablet,6,1066.41,2021-07-01,East
183,CUST1050,Mouse,1,1653.67,2021-07-02,North
184,CUST1091,Mouse,9,890.18,2021-07-03,West
185,CUST1082,Tablet,6,1798.59,2021-07-04,South
186,CUST1088,Headphones,3,189.0,2021-07-05,North
187,CUST1065,Keyboard,4,1911.59,2021-07-06,West
188,CUST1060,Tablet,4,1326.65,2021-07-07,North
189,CUST1080,Phone,3,791.15,2021-07-08,West
190,CUST1014,Tablet,3,434.45,2021-07-09,South
191,CUST1003,Headphones,3,984.41,2021-07-10,South
192,CUST1007,Headphones,4,429.39,2021-07-11,West
193,CUST1100,Monitor,7,374.35,2021-07-12,South
194,CUST1000,Monitor,4,1253.84,2021-07-13,West
195,CUST1023,Headphones,9,1070.02,2021-07-14,East
196,CUST1002,Phone,1,1356.69,2021-07-15,South
197,CUST1008,Tablet,8,1862.73,2021-07-16,North
198,CUST1079,Laptop,7,1087.91,2021-07-17,West
199,CUST1082,Mouse,2,1182.82,2021-07-18,South
200,CUST1063,Monitor,8,224.77,2021-07-19,South
201,CUST1066,Phone,1,1449.39,2021-07-20,East
202,CUST1039,Phone,9,829.82,2021-07-21,East
203,CUST1052,Laptop,9,1954.61,2021-07-22,West
204,CUST1070,Mouse,2,1655.19,2021-07-23,East
205,CUST1054,Mouse,7,1068.84,2021-07-24,West
206,CUST1026,Headphones,3,290.28,2021-07-25,North
207,CUST1029,Phone,7,1725.86,2021-07-26,East
208,CUST1083,Keyboard,9,1609.57,2021-07-27,West
209,CUST1080,Monitor,4,409.94,2021-07-28,North
210,CUST1100,Laptop,1,625.79,2021-07-29,North
211,CUST1026,Keyboard,2,1597.14,2021-07-30,West
212,CUST1009,Tablet,1,411.2,2021-07-31,North
213,CUST1007,Keyboard,5,1839.62,2021-08-01,
214,CUST1003,Keyboard,5,877.83,2021-08-02,East
215,CUST1071,Mouse,7,219.73,2021-08-03,West
216,CUST1081,Phone,9,1640.71,2021-08-04,North
217,CUST1090,Laptop,9,778.34,2021-08-05,East
218,CUST1044,Tablet,3,1076.67,2021-08-06,
219,CUST1004,Laptop,3,268.99,2021-08-07,West
220,CUST1039,Mouse,3,55.04,2021-08-08,East
221,CUST1054,Tablet,4,1294.07,2021-08-09,South
222,CUST1015,Monitor,8,1054.59,2021-08-10,West
223,CUST1027,Phone,6,1207.4,2021-08-11,West
224,CUST1078,Phone,8,1597.8,2021-08-12,East
225,CUST1082,Phone,1,1310.88,2021-08-13,West
226,CUST1061,Phone,8,390.81,2021-08-14,
227,CUST1029,Phone,4,753.51,2021-08-15,South
228,CUST1080,Headphones,1,1816.49,2021-08-16,East
229,CUST1054,Headphones,8,1551.39,2021-08-17,East
230,CUST1092,Keyboard,4,1135.44,2021-08-18,South
231,CUST1024,Monitor,6,548.51,2021-08-19,South
232,CUST1037,Monitor,8,639.02,2021-08-20,West
233,CUST1043,Laptop,4,1477.32,2021-08-21,West
234,CUST1098,Mouse,3,1709.79,2021-08-22,North
235,CUST1096,Keyboard,9,1359.28,2021-08-23,East
236,CUST1052,Mouse,3,1628.58,2021-08-24,North
237,CUST1047,Keyboard,9,1544.98,2021-08-25,South
238,CUST1023,Mouse,2,341.92,2021-08-26,West
239,CUST1095,Phone,2,876.69,2021-08-27,West
240,CUST1023,Phone,2,348.32,2021-08-28,North
241,CUST1001,Laptop,6,508.71,2021-08-29,North
242,CUST1070,Phone,3,1745.06,2021-08-30,South
243,CUST1030,Phone,9,972.14,2021-08-31,East
244,CUST1036,Phone,4,1093.95,2021-09-01,South
245,CUST1063,Tablet,1,397.97,2021-09-02,East
246,CUST1058,Laptop,4,658.93,2021-09-03,West
247,CUST1098,Mouse,1,498.98,2021-09-04,East
248,CUST1045,Headphones,5,452.06,2021-09-05,South
249,CUST1017,Headphones,4,1294.02,2021-09-06,West
250,CUST1007,Tablet,8,550.92,2021-09-07,West
251,CUST1085,Mouse,8,1282.43,2021-09-08,West
252,CUST1009,Laptop,7,163.99,2021-09-09,West
253,CUST1008,Monitor,3,326.46,2021-09-10,North
254,CUST1062,Mouse,1,585.35,2021-09-11,North
255,CUST1044,Laptop,1,1214.24,2021-09-12,West
256,CUST1088,Laptop,3,1367.89,2021-09-13,East
257,CUST1044,Laptop,6,913.3,2021-09-14,West
258,CUST1091,Laptop,7,919.29,2021-09-15,North
259,CUST1067,Tablet,6,1462.81,2021-09-16,North
260,CUST1045,Tablet,6,80.85,2021-09-17,South
261,,Phone,6,715.13,2021-09-18,East
262,CUST1047,Keyboard,3,1646.48,2021-09-19,West
263,CUST1030,Tablet,6,1226.28,2021-09-20,South
264,CUST1098,Keyboard,8,707.59,2021-09-21,East
265,CUST1008,Mouse,2,1815.77,2021-09-22,West
266,CUST1001,Monitor,5,1556.61,2021-09-23,North
267,CUST1089,Phone,1,566.55,2021-09-24,West
268,CUST1047,Monitor,1,1308.32,2021-09-25,South
269,CUST1100,Headphones,5,1211.71,2021-09-26,East
270,CUST1098,Headphones,3,832.32,2021-09-27,East
271,CUST1045,Laptop,4,765.56,2021-09-28,East
272,CUST1031,Laptop,3,719.94,2021-09-29,South
273,CUST1004,Laptop,1,1253.45,2021-09-30,West
274,CUST1050,Laptop,1,912.7,2021-10-01,South
275,CUST1081,Laptop,5,1672.13,2021-10-02,South
276,CUST1092,Laptop,6,1355.73,2021-10-03,South
277,CUST1038,Keyboard,3,186.37,2021-10-04,South
278,CUST1063,Headphones,9,1298.33,2021-10-05,South
279,CUST1015,Keyboard,5,578.74,2021-10-06,West
280,CUST1011,Keyboard,8,1205.98,2021-10-07,South
281,CUST1046,Mouse,1,1376.26,2021-10-08,South
282,CUST1095,Laptop,5,500.12,2021-10-09,East
283,CUST1085,Tablet,3,940.87,2021-10-10,South
284,CUST1040,Phone,1,421.13,2021-10-11,East
285,CUST1018,Headphones,4,152.06,2021-10-12,West
286,CUST1062,Headphones,5,788.03,2021-10-13,East
287,CUST1061,Monitor,7,757.74,2021-10-14,South
288,CUST1088,Keyboard,1,1991.19,2021-10-15,West
289,CUST1024,Tablet,3,920.39,2021-10-16,South
290,CUST1067,Headphones,2,700.46,2021-10-17,West
291,CUST1053,Headphones,9,1181.93,2021-10-18,North
292,CUST1040,Phone,6,223.1,2021-10-19,West
293,CUST1071,Keyboard,3,1925.25,2021-10-20,East
294,CUST1086,Headphones,8,1288.17,2021-10-21,West
295,CUST1056,Phone,8,1521.93,2021-10-22,East
296,CUST1090,Keyboard,2,382.43,2021-10-23,East
297,CUST1031,Headphones,6,848.48,2021-10-24,East
298,CUST1092,Phone,7,874.24,2021-10-25,North
299,CUST1021,Monitor,2,1652.52,2021-10-26,East
300,CUST1011,,2,52.41,2021-10-27,North
301,CUST1022,Laptop,1,636.66,2021-10-28,North
302,CUST1029,Mouse,8,1963.41,2021-10-29,West
303,CUST1064,Monitor,1,976.03,2021-10-30,South
304,CUST1033,Tablet,9,795.93,2021-10-31,East
305,CUST1007,Mouse,6,283.67,2021-11-01,West
306,CUST1013,Laptop,7,1949.62,2021-11-02,East
307,CUST1040,Laptop,7,89.05,2021-11-03,East
308,CUST1004,Tablet,3,1487.5,2021-11-04,West
309,CUST1057,Laptop,2,1548.77,2021-11-05,
310,CUST1060,Mouse,9,525.13,2021-11-06,East
311,CUST1096,Phone,8,1359.54,2021-11-07,South
312,CUST1059,Laptop,7,231.21,2021-11-08,West
313,CUST1027,Headphones,9,551.24,2021-11-09,West
314,CUST1038,Laptop,4,1586.41,2021-11-10,South
315,CUST1050,,4,1736.14,2021-11-11,South
316,CUST1053,Tablet,1,1236.55,2021-11-12,South
317,CUST1045,Keyboard,8,1038.33,2021-11-13,North
318,CUST1094,Phone,3,360.64,2021-11-14,South
319,CUST1069,Headphones,7,173.06,2021-11-15,West
320,CUST1018,Tablet,2,279.42,2021-11-16,West
321,CUST1007,Monitor,2,493.35,2021-11-17,East
322,CUST1005,Phone,7,716.27,2021-11-18,East
323,CUST1037,Laptop,6,792.77,2021-11-19,North
324,CUST1097,Phone,3,725.33,2021-11-20,South
325,CUST1069,Mouse,9,516.16,2021-11-21,East
326,CUST1050,Phone,6,1043.96,2021-11-22,West
327,CUST1079,Mouse,6,1659.31,2021-11-23,North
328,CUST1051,Laptop,1,595.42,2021-11-24,East
329,CUST1098,Laptop,4,1887.65,2021-11-25,East
330,CUST1089,,6,1753.01,2021-11-26,North
331,CUST1058,Monitor,6,365.44,2021-11-27,North
332,CUST1016,Laptop,5,1583.24,2021-11-28,South
333,CUST1058,Phone,1,1170.45,2021-11-29,East
334,CUST1080,Tablet,8,1154.82,2021-11-30,North
335,CUST1044,Phone,5,812.53,2021-12-01,West
336,CUST1058,Mouse,5,1027.25,2021-12-02,South
337,CUST1084,Mouse,7,824.5,2021-12-03,North
338,CUST1012,Phone,4,1102.48,2021-12-04,North
339,CUST1088,Phone,6,1274.5,2021-12-05,East
340,CUST1006,Tablet,4,1364.89,2021-12-06,West
341,CUST1013,Keyboard,3,1088.34,2021-12-07,North
342,CUST1057,Headphones,7,1456.77,2021-12-08,East
343,CUST1014,Keyboard,8,325.49,2021-12-09,South
344,CUST1049,Phone,4,463.37,2021-12-10,North
345,CUST1091,Headphones,2,1646.53,2021-12-11,South
346,CUST1041,Phone,3,678.93,2021-12-12,West
347,CUST1091,Headphones,1,94.64,2021-12-13,East
348,CUST1014,Tablet,8,349.89,2021-12-14,East
349,CUST1055,Monitor,3,486.05,2021-12-15,West
350,CUST1010,Keyboard,7,1916.78,2021-12-16,East
351,CUST1098,Tablet,5,1167.43,2021-12-17,North
352,CUST1026,Laptop,5,1868.82,2021-12-18,South
353,CUST1012,Laptop,7,1171.57,2021-12-19,North
354,CUST1037,Headphones,9,984.74,2021-12-20,North
355,CUST1019,Mouse,5,661.77,2021-12-21,North
356,CUST1022,Mouse,1,1232.42,2021-12-22,East
357,CUST1052,Laptop,1,321.44,2021-12-23,South
358,CUST1073,Keyboard,2,1801.61,2021-12-24,South
359,CUST1078,Keyboard,6,1667.2,2021-12-25,West
360,CUST1073,Headphones,9,669.19,2021-12-26,West
361,CUST1052,Monitor,8,1907.96,2021-12-27,North
362,CUST1089,Mouse,5,1659.14,2021-12-28,East
363,CUST1048,Phone,1,1349.3,2021-12-29,North
364,CUST1074,Laptop,7,287.44,2021-12-30,North
365,CUST1037,Laptop,5,982.56,2021-12-31,North
366,CUST1085,Tablet,6,1036.91,2022-01-01,North
367,CUST1074,Headphones,7,503.48,2022-01-02,East
368,CUST1058,Tablet,3,205.93,2022-01-03,East
369,CUST1011,Keyboard,3,1564.61,2022-01-04,South
370,CUST1072,Monitor,5,287.97,2022-01-05,East
371,CUST1021,Monitor,6,1208.87,2022-01-06,
372,CUST1054,Headphones,9,1876.08,2022-01-07,East
373,CUST1066,Mouse,5,1758.41,2022-01-08,North
374,CUST1049,Headphones,1,591.62,2022-01-09,South
375,,Phone,4,1710.32,2022-01-10,East
376,,Monitor,5,50.65,2022-01-11,South
377,CUST1055,Keyboard,5,84.49,2022-01-12,South
378,CUST1014,Keyboard,7,1224.98,2022-01-13,West
379,CUST1096,Headphones,4,761.36,2022-01-14,West
380,CUST1035,Mouse,1,803.6,2022-01-15,
381,CUST1004,Laptop,5,1150.66,2022-01-16,North
382,CUST1088,Phone,7,423.98,2022-01-17,South
383,CUST1062,Laptop,6,462.92,2022-01-18,West
384,CUST1088,Headphones,5,994.97,2022-01-19,West
385,CUST1021,,4,1520.79,2022-01-20,
386,CUST1044,Monitor,2,1258.02,2022-01-21,North
387,CUST1018,Phone,4,629.84,2022-01-22,South
388,CUST1003,Tablet,3,889.16,2022-01-23,North
389,CUST1011,Keyboard,1,382.8,2022-01-24,North
390,CUST1090,Monitor,8,195.53,2022-01-25,North
391,CUST1078,Mouse,5,1576.26,2022-01-26,South
392,CUST1023,Keyboard,4,567.51,2022-01-27,North
393,CUST1036,Tablet,8,396.64,2022-01-28,South
394,CUST1019,Phone,7,1398.66,2022-01-29,
395,CUST1080,Mouse,2,1255.2,2022-01-30,North
396,CUST1030,Monitor,1,1284.72,2022-01-31,South
397,CUST1020,Keyboard,4,496.34,2022-02-01,West
398,CUST1007,Laptop,8,503.66,2022-02-02,East
399,CUST1050,Phone,2,480.57,2022-02-03,West
400,CUST1008,Laptop,3,388.82,2022-02-04,North
401,CUST1023,Monitor,1,1328.66,2022-02-05,North
402,CUST1037,Monitor,1,1703.63,2022-02-06,West
403,CUST1015,Monitor,3,1462.42,2022-02-07,West
404,CUST1082,Laptop,5,1594.58,2022-02-08,West
405,CUST1051,Keyboard,3,839.36,2022-02-09,East
406,CUST1022,Phone,1,1325.45,2022-02-10,South
407,CUST1066,Keyboard,1,740.76,2022-02-11,East
408,CUST1097,Headphones,8,1074.73,2022-02-12,North
409,CUST1065,Mouse,2,989.19,2022-02-13,South
410,CUST1047,Tablet,3,394.93,2022-02-14,West
411,CUST1064,Tablet,2,804.8,2022-02-15,South
412,CUST1047,,3,1929.45,2022-02-16,South
413,CUST1017,Laptop,7,534.73,2022-02-17,West
414,CUST1036,Tablet,1,310.92,2022-02-18,South
415,CUST1016,Phone,8,866.23,2022-02-19,West
416,CUST1022,Headphones,2,1591.16,2022-02-20,West
417,CUST1076,Tablet,3,1185.19,2022-02-21,West
418,CUST1005,Headphones,9,1377.9,2022-02-22,South
419,CUST1028,Headphones,7,419.9,2022-02-23,South
420,CUST1004,,4,1256.95,2022-02-24,South
421,CUST1029,Tablet,5,680.83,2022-02-25,South
422,CUST1051,Headphones,2,1676.89,2022-02-26,South
423,CUST1093,Phone,8,1277.13,2022-02-27,West
424,CUST1087,Headphones,4,437.77,2022-02-28,South
425,CUST1030,Tablet,9,176.0,2022-03-01,South
426,CUST1020,Mouse,5,133.13,2022-03-02,East
427,CUST1026,Keyboard,9,774.25,2022-03-03,West
428,CUST1000,Monitor,4,568.41,2022-03-04,North
429,CUST1039,Phone,5,1309.88,2022-03-05,North
430,CUST1028,Headphones,9,1023.7,2022-03-06,North
431,CUST1076,Laptop,8,568.74,2022-03-07,South
432,CUST1050,Phone,3,341.01,2022-03-08,East
433,CUST1083,Tablet,1,298.04,2022-03-09,South
434,CUST1018,Mouse,3,1736.09,2022-03-10,North
435,CUST1083,Monitor,4,524.78,2022-03-11,East
436,CUST1093,Keyboard,2,1320.84,2022-03-12,West
437,CUST1058,Phone,1,1630.84,2022-03-13,North
438,CUST1096,Laptop,7,1247.46,2022-03-14,West
439,CUST1089,Monitor,8,1726.15,2022-03-15,East
440,CUST1046,Phone,7,815.17,2022-03-16,West
441,CUST1093,Tablet,5,1914.63,2022-03-17,West
442,CUST1024,Laptop,1,309.63,2022-03-18,West
443,CUST1044,Monitor,7,249.19,2022-03-19,North
444,CUST1072,Phone,7,1334.45,2022-03-20,West
445,CUST1065,Phone,9,1888.52,2022-03-21,East
446,CUST1040,Mouse,3,1627.32,2022-03-22,West
447,CUST1100,Tablet,9,199.01,2022-03-23,South
448,CUST1012,Mouse,1,594.77,2022-03-24,North
449,CUST1009,Tablet,1,1864.12,2022-03-25,East
450,CUST1082,Keyboard,4,543.46,2022-03-26,West
451,,,9,1573.28,2022-03-27,East
452,CUST1079,Mouse,6,1659.01,2022-03-28,West
453,CUST1004,Laptop,3,1016.13,2022-03-29,South
454,CUST1076,Keyboard,1,803.38,2022-03-30,North
455,CUST1047,Mouse,4,927.74,2022-03-31,North
456,CUST1017,Tablet,9,492.58,2022-04-01,North
457,CUST1091,Keyboard,3,1784.31,2022-04-02,North
458,CUST1024,Headphones,9,928.71,2022-04-03,East
459,CUST1053,Keyboard,7,1770.8,2022-04-04,East
460,CUST1034,Headphones,4,256.1,2022-04-05,East
461,CUST1016,Keyboard,3,1977.14,2022-04-06,North
462,CUST1076,Keyboard,5,914.38,2022-04-07,North
463,CUST1012,Tablet,5,143.27,2022-04-08,South
464,CUST1007,Tablet,3,124.14,2022-04-09,
465,CUST1058,Tablet,9,1505.1,2022-04-10,South
466,CUST1093,Mouse,4,1335.12,2022-04-11,North
467,CUST1078,Phone,5,1614.15,2022-04-12,South
468,CUST1039,Tablet,4,255.47,2022-04-13,West
469,CUST1001,Keyboard,5,119.36,2022-04-14,North
470,CUST1053,Tablet,7,1041.73,2022-04-15,West
471,CUST1022,Headphones,9,805.81,2022-04-16,North
472,CUST1084,Monitor,7,950.8,2022-04-17,East
473,CUST1072,Monitor,5,1983.6,2022-04-18,South
474,CUST1069,Tablet,7,1942.96,2022-04-19,West
475,CUST1019,Monitor,5,1887.52,2022-04-20,North
476,CUST1096,Monitor,3,1578.49,2022-04-21,West
477,CUST1052,Keyboard,7,741.94,2022-04-22,West
478,CUST1007,Phone,2,853.66,2022-04-23,East
479,CUST1077,Headphones,9,1121.75,2022-04-24,South
480,CUST1034,Headphones,1,1669.54,2022-04-25,West
481,CUST1047,Keyboard,6,183.99,2022-04-26,East
482,CUST1050,Phone,7,877.38,2022-04-27,West
483,CUST1095,Keyboard,8,211.1,2022-04-28,North
484,CUST1096,Keyboard,9,1053.58,2022-04-29,West
485,CUST1008,Keyboard,2,1802.86,2022-04-30,South
486,CUST1044,Keyboard,2,1575.85,2022-05-01,North
487,CUST1053,Keyboard,5,494.29,2022-05-02,South
488,CUST1087,Keyboard,5,1953.18,2022-05-03,South
489,CUST1098,Headphones,6,1351.33,2022-05-04,East
490,CUST1086,Mouse,3,70.33,2022-05-05,East
491,CUST1093,Monitor,8,548.06,2022-05-06,East
492,CUST1051,Tablet,1,558.39,2022-05-07,South
493,CUST1056,Phone,6,185.05,2022-05-08,South
494,CUST1066,,4,1921.66,2022-05-09,East
495,CUST1022,Keyboard,1,982.6,2022-05-10,South
496,CUST1042,Monitor,7,1796.84,2022-05-11,West
497,CUST1030,Laptop,9,678.32,2022-05-12,North
498,CUST1064,Monitor,4,294.21,2022-05-13,South
499,CUST1093,Tablet,4,974.96,2022-05-14,South
500,,Keyboard,6,272.22,2022-05-15,South
501,CUST1000,Tablet,3,997.73,2022-05-16,East
502,CUST1072,Headphones,6,1844.58,2022-05-17,East
503,CUST1082,Tablet,7,1065.5,2022-05-18,West
504,CUST1093,Phone,3,1252.17,2022-05-19,North
505,CUST1016,Mouse,7,355.44,2022-05-20,North
506,CUST1003,Headphones,3,135.28,2022-05-21,West
507,CUST1021,Tablet,2,266.08,2022-05-22,West
508,CUST1043,Monitor,4,1217.14,2022-05-23,West
509,CUST1073,Phone,8,235.27,2022-05-24,East
510,CUST1081,Phone,9,783.19,2022-05-25,East
511,CUST1090,Laptop,7,1122.68,2022-05-26,North
512,CUST1006,Headphones,1,807.87,2022-05-27,West
513,CUST1066,Monitor,3,369.18,2022-05-28,South
514,CUST1066,Laptop,9,583.89,2022-05-29,West
515,CUST1031,Headphones,1,1860.22,2022-05-30,South
516,CUST1047,Keyboard,9,1368.17,2022-05-31,East
517,CUST1011,Mouse,8,1017.29,2022-06-01,North
518,CUST1020,Tablet,1,74.79,2022-06-02,West
519,CUST1031,Monitor,6,1985.21,2022-06-03,West
520,CUST1086,Laptop,5,1359.34,2022-06-04,South
521,CUST1065,Laptop,6,668.0,2022-06-05,West
522,CUST1057,Laptop,5,1764.57,2022-06-06,East
523,CUST1087,,6,553.94,2022-06-07,West
524,CUST1009,Laptop,5,1110.83,2022-06-08,East
525,CUST1046,Headphones,5,1290.34,2022-06-09,East
526,CUST1050,Headphones,4,481.07,2022-06-10,South
527,CUST1092,Tablet,3,1957.87,2022-06-11,West
528,,Laptop,3,1508.97,2022-06-12,West
529,CUST1080,Tablet,4,1137.74,2022-06-13,East
530,CUST1043,Mouse,9,402.16,2022-06-14,West
531,CUST1055,Monitor,2,155.02,2022-06-15,North
532,CUST1028,Mouse,9,674.12,2022-06-16,West
533,CUST1080,Phone,1,1518.72,2022-06-17,West
534,CUST1067,Laptop,1,575.2,2022-06-18,West
535,CUST1012,Tablet,5,1102.13,2022-06-19,East
536,CUST1098,Monitor,6,1469.5,2022-06-20,East
537,CUST1055,Keyboard,6,260.49,2022-06-21,West
538,CUST1056,Monitor,3,1386.33,2022-06-22,West
539,CUST1067,Tablet,7,229.15,2022-06-23,South
540,CUST1087,Laptop,9,1932.0,2022-06-24,South
541,CUST1005,Laptop,8,1002.37,2022-06-25,South
542,CUST1061,Monitor,6,343.82,2022-06-26,West
543,,Tablet,8,717.65,2022-06-27,North
544,CUST1098,Laptop,5,856.16,2022-06-28,North
545,CUST1068,Monitor,8,1528.46,2022-06-29,West
546,CUST1046,Mouse,4,1499.68,2022-06-30,South
547,CUST1019,Mouse,8,1243.28,2022-07-01,South
548,CUST1072,Phone,2,256.56,2022-07-02,West
549,CUST1018,Keyboard,5,345.56,2022-07-03,North
550,CUST1006,Mouse,9,232.83,2022-07-04,South
551,CUST1074,Monitor,4,1175.49,2022-07-05,West
552,CUST1097,Mouse,6,1760.42,2022-07-06,South
553,CUST1069,Laptop,1,895.91,2022-07-07,South
554,CUST1009,Tablet,9,363.65,2022-07-08,South
555,CUST1050,Tablet,1,1138.18,2022-07-09,North
556,CUST1064,Keyboard,5,1632.92,2022-07-10,West
557,CUST1047,Mouse,4,1496.34,2022-07-11,North
558,CUST1081,Laptop,3,1768.83,2022-07-12,South
559,CUST1064,Mouse,6,591.91,2022-07-13,South
560,CUST1024,Monitor,2,428.21,2022-07-14,South
561,CUST1014,Laptop,3,1765.64,2022-07-15,North
562,CUST1021,Phone,5,1332.24,2022-07-16,West
563,CUST1076,Monitor,9,656.31,2022-07-17,East
564,CUST1026,Monitor,2,1497.58,2022-07-18,East
565,CUST1018,Headphones,8,1639.48,2022-07-19,North
566,CUST1006,Headphones,2,1249.21,2022-07-20,South
567,CUST1043,Tablet,5,1391.37,2022-07-21,South
568,CUST1054,Tablet,7,781.76,2022-07-22,South
569,CUST1087,Monitor,8,1100.46,2022-07-23,East
570,CUST1059,Mouse,1,1072.11,2022-07-24,North
571,CUST1042,Laptop,6,1703.69,2022-07-25,West
572,CUST1066,Monitor,1,1687.93,2022-07-26,South
573,CUST1084,Headphones,2,1673.73,2022-07-27,South
574,CUST1092,Monitor,1,71.51,2022-07-28,East
575,CUST1089,Headphones,5,1511.61,2022-07-29,North
576,CUST1095,Tablet,9,1529.42,2022-07-30,South
577,CUST1100,Phone,6,1372.84,2022-07-31,West
578,CUST1010,Laptop,1,1524.72,2022-08-01,East
579,CUST1004,Phone,1,1691.84,2022-08-02,West
580,CUST1086,Mouse,2,967.12,2022-08-03,South
581,CUST1039,Tablet,9,1029.0,2022-08-04,West
582,CUST1071,Laptop,3,293.19,2022-08-05,East
583,CUST1009,Monitor,1,801.48,2022-08-06,West
584,CUST1049,Tablet,5,1304.56,2022-08-07,West
585,CUST1056,Monitor,7,1571.78,2022-08-08,East
586,CUST1070,Monitor,6,473.56,2022-08-09,South
587,CUST1027,Mouse,1,318.75,2022-08-10,East
588,CUST1036,Headphones,5,1342.93,2022-08-11,East
589,CUST1037,Headphones,5,53.67,2022-08-12,West
590,CUST1011,Phone,6,397.83,2022-08-13,West
591,CUST1025,Keyboard,3,106.69,2022-08-14,South
592,CUST1006,Laptop,5,375.43,2022-08-15,North
593,CUST1045,Headphones,7,403.57,2022-08-16,East
594,CUST1033,Headphones,5,805.96,2022-08-17,North
595,CUST1051,Phone,5,834.54,2022-08-18,South
596,CUST1015,Headphones,5,1754.81,2022-08-19,East
597,CUST1087,Phone,3,1044.71,2022-08-20,South
598,CUST1033,Laptop,1,1460.64,2022-08-21,South
599,CUST1018,Laptop,5,253.07,2022-08-22,East
600,CUST1087,Laptop,9,489.61,2022-08-23,North
601,CUST1059,Headphones,1,1420.74,2022-08-24,West
602,CUST1083,Mouse,3,152.97,2022-08-25,West
603,CUST1022,Headphones,4,998.87,2022-08-26,East
604,CUST1032,,1,1218.77,2022-08-27,South
605,CUST1028,Mouse,1,1224.18,2022-08-28,East
606,CUST1085,,8,94.72,2022-08-29,North
607,CUST1073,Mouse,2,678.11,2022-08-30,East
608,CUST1092,Phone,8,1291.16,2022-08-31,South
609,CUST1046,Monitor,7,340.55,2022-09-01,East
610,CUST1051,Tablet,2,1406.06,2022-09-02,North
611,CUST1097,Mouse,6,1504.55,2022-09-03,South
612,CUST1073,Headphones,6,1964.84,2022-09-04,East
613,CUST1077,Tablet,3,459.19,2022-09-05,North
614,CUST1054,Mouse,2,1659.0,2022-09-06,North
615,CUST1047,Keyboard,1,1064.58,2022-09-07,East
616,CUST1071,Keyboard,6,778.25,2022-09-08,East
617,CUST1052,Phone,5,288.63,2022-09-09,South
618,CUST1007,Laptop,9,1484.24,2022-09-10,South
619,CUST1025,,1,509.92,2022-09-11,East
620,CUST1043,Mouse,7,774.27,2022-09-12,South
621,CUST1056,Headphones,5,171.96,2022-09-13,West
622,CUST1012,Laptop,5,1612.67,2022-09-14,South
623,CUST1039,Headphones,2,1544.85,2022-09-15,East
624,CUST1049,Mouse,3,1480.55,2022-09-16,North
625,CUST1023,Laptop,7,633.91,2022-09-17,North
626,CUST1079,Monitor,6,388.29,2022-09-18,West
627,CUST1045,Phone,2,1293.23,2022-09-19,North
628,CUST1056,Keyboard,6,1017.52,2022-09-20,East
629,CUST1086,Keyboard,2,397.59,2022-09-21,East
630,CUST1087,Phone,2,1387.53,2022-09-22,East
631,CUST1081,Tablet,2,1982.7,2022-09-23,North
632,CUST1068,Keyboard,3,1507.08,2022-09-24,North
633,CUST1093,Monitor,2,1492.97,2022-09-25,North
634,CUST1100,Headphones,4,1903.11,2022-09-26,South
635,CUST1085,Laptop,9,445.73,2022-09-27,West
636,CUST1050,Headphones,6,1152.82,2022-09-28,South
637,CUST1048,Headphones,1,1960.31,2022-09-29,North
638,CUST1015,Keyboard,8,372.32,2022-09-30,West
639,CUST1099,Tablet,7,1415.49,2022-10-01,South
640,CUST1071,Monitor,3,1192.33,2022-10-02,North
641,CUST1077,Monitor,1,1193.63,2022-10-03,North
642,CUST1003,Phone,5,1410.46,2022-10-04,North
643,CUST1074,Phone,4,1862.75,2022-10-05,East
644,CUST1066,Headphones,8,1576.03,2022-10-06,South
645,CUST1090,Laptop,1,159.47,2022-10-07,West
646,CUST1070,Mouse,1,1712.82,2022-10-08,South
647,CUST1046,Keyboard,4,489.81,2022-10-09,East
648,CUST1076,Tablet,8,784.98,2022-10-10,North
649,CUST1099,Laptop,5,950.38,2022-10-11,South
650,CUST1036,Laptop,2,987.77,2022-10-12,North
651,,Mouse,6,898.6,2022-10-13,East
652,CUST1015,Phone,5,1877.84,2022-10-14,West
653,CUST1058,Keyboard,2,1426.74,2022-10-15,North
654,CUST1007,Headphones,3,1280.78,2022-10-16,West
655,CUST1032,Phone,9,147.19,2022-10-17,East
656,CUST1068,Tablet,7,1812.63,2022-10-18,East
657,CUST1033,Tablet,7,1823.31,2022-10-19,East
658,CUST1099,Headphones,6,1571.42,2022-10-20,North
659,CUST1070,Laptop,8,63.71,2022-10-21,North
660,CUST1095,Laptop,4,161.7,2022-10-22,South
661,CUST1073,Mouse,8,489.19,2022-10-23,East
662,CUST1006,Monitor,4,306.13,2022-10-24,North
663,CUST1037,Keyboard,8,827.73,2022-10-25,North
664,CUST1092,Laptop,9,1849.11,2022-10-26,West
665,CUST1007,Keyboard,3,970.52,2022-10-27,North
666,CUST1069,Mouse,3,76.14,2022-10-28,North
667,CUST1005,Monitor,2,601.35,2022-10-29,South
668,CUST1008,Mouse,3,136.96,2022-10-30,East
669,CUST1000,Tablet,3,120.76,2022-10-31,West
670,CUST1096,Monitor,5,587.65,2022-11-01,West
671,CUST1043,Keyboard,5,587.44,2022-11-02,East
672,CUST1082,Laptop,2,1584.9,2022-11-03,South
673,CUST1013,Headphones,6,1950.93,2022-11-04,North
674,CUST1057,Laptop,5,773.85,2022-11-05,East
675,CUST1100,Keyboard,6,886.33,2022-11-06,South
676,CUST1003,Keyboard,1,1697.34,2022-11-07,South
677,CUST1049,Headphones,5,572.87,2022-11-08,West
678,CUST1096,Mouse,9,354.94,2022-11-09,South
679,CUST1054,Mouse,2,1713.52,2022-11-10,South
680,CUST1099,Tablet,1,140.68,2022-11-11,East
681,,Tablet,9,1258.41,2022-11-12,South
682,CUST1061,Phone,9,1145.89,2022-11-13,North
683,CUST1082,Keyboard,9,724.54,2022-11-14,North
684,CUST1098,Tablet,6,664.62,2022-11-15,East
685,CUST1076,Keyboard,8,1555.12,2022-11-16,East
686,CUST1005,Headphones,1,218.53,2022-11-17,East
687,CUST1028,Keyboard,4,511.73,2022-11-18,East
688,CUST1019,Mouse,1,1478.28,2022-11-19,West
689,CUST1061,Mouse,8,1119.23,2022-11-20,West
690,CUST1075,Monitor,1,299.58,2022-11-21,West
691,CUST1059,Monitor,3,1770.16,2022-11-22,North
692,CUST1049,Headphones,4,817.22,2022-11-23,East
693,,Laptop,8,1664.34,2022-11-24,North
694,CUST1067,Laptop,6,1586.04,2022-11-25,East
695,CUST1041,Tablet,7,1267.63,2022-11-26,
696,CUST1049,Laptop,8,1014.24,2022-11-27,
697,CUST1055,Laptop,2,1960.12,2022-11-28,East
698,CUST1045,Tablet,8,332.68,2022-11-29,East
699,CUST1026,Headphones,3,1464.05,2022-11-30,West
700,CUST1092,Headphones,7,422.82,2022-12-01,North
701,CUST1035,Keyboard,3,709.61,2022-12-02,East
702,CUST1096,Keyboard,7,651.96,2022-12-03,South
703,CUST1020,Headphones,2,1896.72,2022-12-04,North
704,CUST1004,Laptop,6,1936.34,2022-12-05,
705,CUST1056,Keyboard,3,406.88,2022-12-06,South
706,CUST1063,Phone,3,92.97,2022-12-07,South
707,CUST1000,Mouse,9,1454.02,2022-12-08,North
708,CUST1067,Mouse,7,865.08,2022-12-09,North
709,CUST1019,Headphones,5,223.24,2022-12-10,South
710,CUST1063,Headphones,7,1383.32,2022-12-11,East
711,CUST1086,Phone,9,1112.96,2022-12-12,North
712,CUST1060,Mouse,1,1962.01,2022-12-13,South
713,CUST1010,Tablet,7,493.45,2022-12-14,South
714,CUST1056,Mouse,6,837.76,2022-12-15,South
715,CUST1004,Laptop,9,1107.96,2022-12-16,North
716,CUST1071,Headphones,1,1593.81,2022-12-17,West
717,CUST1064,Keyboard,4,1120.24,2022-12-18,East
718,CUST1002,Mouse,9,1245.16,2022-12-19,South
719,CUST1027,Laptop,4,490.99,2022-12-20,East
720,CUST1071,Monitor,3,1701.49,2022-12-21,East
721,CUST1006,Monitor,9,885.83,2022-12-22,West
722,CUST1085,Headphones,2,324.87,2022-12-23,South
723,CUST1073,Headphones,4,1345.17,2022-12-24,North
724,CUST1035,Keyboard,6,471.38,2022-12-25,East
725,CUST1086,Headphones,2,240.25,2022-12-26,West
726,CUST1097,Phone,8,1730.87,2022-12-27,North
727,,Mouse,8,947.32,2022-12-28,South
728,CUST1007,Tablet,1,1511.1,2022-12-29,West
729,CUST1029,Phone,3,616.65,2022-12-30,South
730,CUST1085,Phone,9,1584.59,2022-12-31,North
731,CUST1011,Mouse,5,268.28,2023-01-01,North
732,CUST1008,Headphones,6,744.15,2023-01-02,East
733,CUST1054,Phone,4,1957.22,2023-01-03,East
734,CUST1029,Tablet,2,1598.28,2023-01-04,North
735,CUST1019,Keyboard,8,1019.65,2023-01-05,East
736,CUST1011,Monitor,6,712.57,2023-01-06,North
737,CUST1041,Tablet,5,1750.66,2023-01-07,South
738,CUST1040,Tablet,9,1112.45,2023-01-08,East
739,CUST1093,Keyboard,1,1528.93,2023-01-09,North
740,CUST1090,Keyboard,5,1520.51,2023-01-10,East
741,CUST1092,Headphones,6,84.99,2023-01-11,West
742,CUST1045,Keyboard,5,296.19,2023-01-12,East
743,CUST1038,Phone,6,1336.28,2023-01-13,North
744,CUST1014,Laptop,6,365.16,2023-01-14,North
745,CUST1086,Monitor,7,548.21,2023-01-15,West
746,CUST1016,Monitor,4,1895.94,2023-01-16,East
747,CUST1038,Headphones,8,1142.36,2023-01-17,East
748,CUST1058,Headphones,7,1513.92,2023-01-18,West
749,CUST1070,Keyboard,9,1138.06,2023-01-19,North
750,CUST1018,Tablet,7,1127.4,2023-01-20,North
751,CUST1088,Phone,3,233.6,2023-01-21,East
752,CUST1093,Monitor,3,720.14,2023-01-22,East
753,CUST1052,Keyboard,8,600.74,2023-01-23,South
754,CUST1039,Headphones,5,811.92,2023-01-24,West
755,CUST1091,Monitor,4,1606.77,2023-01-25,South
756,CUST1066,Laptop,8,775.27,2023-01-26,West
757,CUST1016,Keyboard,6,930.81,2023-01-27,North
758,CUST1053,Headphones,2,824.89,2023-01-28,North
759,,Headphones,4,232.15,2023-01-29,West
760,CUST1048,Headphones,4,910.09,2023-01-30,West
761,CUST1010,Tablet,6,431.44,2023-01-31,East
762,CUST1051,Laptop,6,414.11,2023-02-01,East
763,CUST1017,Tablet,1,233.37,2023-02-02,South
764,CUST1094,Mouse,8,745.51,2023-02-03,East
765,CUST1059,Laptop,6,1527.09,2023-02-04,East
766,CUST1044,Keyboard,3,589.06,2023-02-05,East
767,CUST1034,Monitor,9,659.08,2023-02-06,South
768,CUST1037,Headphones,2,1303.22,2023-02-07,East
769,CUST1033,Monitor,8,431.89,2023-02-08,South
770,CUST1073,Headphones,3,1799.07,2023-02-09,West
771,CUST1078,Monitor,5,1064.37,2023-02-10,North
772,CUST1037,Mouse,6,922.83,2023-02-11,West
773,CUST1018,Tablet,6,1137.75,2023-02-12,East
774,CUST1050,Mouse,4,373.77,2023-02-13,East
775,CUST1010,Laptop,3,1246.27,2023-02-14,North
776,CUST1046,Phone,4,758.05,2023-02-15,North
777,CUST1093,Phone,1,1799.51,2023-02-16,West
778,CUST1076,Phone,4,379.27,2023-02-17,East
779,CUST1029,Headphones,1,1038.75,2023-02-18,West
780,CUST1081,Monitor,1,1216.32,2023-02-19,South
781,CUST1080,Keyboard,6,115.1,2023-02-20,West
782,CUST1007,Laptop,5,759.2,2023-02-21,North
783,CUST1020,Tablet,4,1478.64,2023-02-22,West
784,CUST1018,Headphones,3,1649.74,2023-02-23,West
785,CUST1027,Phone,1,660.67,2023-02-24,South
786,CUST1076,Laptop,6,1607.26,2023-02-25,West
787,CUST1073,Headphones,2,1937.12,2023-02-26,South
788,CUST1051,Laptop,8,1720.9,2023-02-27,West
789,CUST1077,Phone,5,279.41,2023-02-28,West
790,CUST1081,Laptop,7,1492.47,2023-03-01,South
791,CUST1023,,2,673.35,2023-03-02,East
792,CUST1040,Tablet,8,1977.41,2023-03-03,West
793,CUST1096,Keyboard,2,996.45,2023-03-04,South
794,CUST1001,Headphones,4,288.75,2023-03-05,East
795,CUST1046,Keyboard,1,1464.11,2023-03-06,South
796,,Mouse,5,679.87,2023-03-07,East
797,CUST1051,Phone,9,1994.3,2023-03-08,South
798,CUST1069,Headphones,1,1960.58,2023-03-09,South
799,CUST1036,Monitor,9,1329.46,2023-03-10,South
800,CUST1025,Phone,8,303.16,2023-03-11,South
801,CUST1049,Headphones,6,1389.38,2023-03-12,West
802,CUST1072,Tablet,7,231.41,2023-03-13,North
803,CUST1054,Monitor,3,107.26,2023-03-14,North
804,CUST1066,Keyboard,1,1654.77,2023-03-15,West
805,CUST1015,Headphones,5,459.02,2023-03-16,North
806,CUST1027,Headphones,2,789.1,2023-03-17,West
807,CUST1094,Phone,5,1948.24,2023-03-18,West
808,CUST1013,Monitor,8,706.84,2023-03-19,West
809,CUST1098,Mouse,9,628.16,2023-03-20,West
810,CUST1021,Keyboard,2,1840.51,2023-03-21,West
811,CUST1049,Monitor,3,265.96,2023-03-22,East
812,CUST1076,Headphones,3,1531.19,2023-03-23,South
813,CUST1053,Laptop,1,1976.73,2023-03-24,West
814,CUST1078,Keyboard,8,1807.53,2023-03-25,East
815,CUST1056,Tablet,6,1320.75,2023-03-26,North
816,CUST1099,Tablet,8,662.42,2023-03-27,North
817,CUST1038,Tablet,9,545.93,2023-03-28,North
818,CUST1032,Tablet,5,1647.55,2023-03-29,North
819,CUST1031,Mouse,3,1765.65,2023-03-30,East
820,CUST1018,Keyboard,5,1074.6,2023-03-31,South
821,CUST1005,Laptop,5,526.46,2023-04-01,North
822,CUST1069,Laptop,5,270.24,2023-04-02,South
823,CUST1044,Phone,3,220.0,2023-04-03,North
824,CUST1097,Tablet,4,1452.2,2023-04-04,South
825,CUST1043,Phone,9,869.23,2023-04-05,West
826,CUST1014,Headphones,9,1815.45,2023-04-06,South
827,CUST1082,Phone,2,1492.36,2023-04-07,South
828,CUST1066,Phone,8,422.96,2023-04-08,South
829,CUST1080,Monitor,8,1246.87,2023-04-09,North
830,CUST1066,Monitor,7,899.24,2023-04-10,South
831,CUST1004,Headphones,8,1175.64,2023-04-11,North
832,CUST1080,Headphones,3,1489.23,2023-04-12,East
833,,Monitor,6,1622.08,2023-04-13,North
834,CUST1091,Mouse,1,1695.29,2023-04-14,East
835,CUST1014,Laptop,7,545.25,2023-04-15,South
836,CUST1075,Headphones,1,110.68,2023-04-16,South
837,CUST1020,Tablet,9,1491.62,2023-04-17,East
838,CUST1043,Phone,1,257.37,2023-04-18,North
839,CUST1030,Keyboard,1,664.09,2023-04-19,
840,CUST1019,Keyboard,7,57.44,2023-04-20,North
841,CUST1047,Headphones,2,1379.26,2023-04-21,East
842,CUST1088,Phone,5,375.91,2023-04-22,South
843,CUST1030,Mouse,8,1327.8,2023-04-23,East
844,CUST1009,Headphones,8,1983.9,2023-04-24,East
845,CUST1017,Laptop,3,191.71,2023-04-25,North
846,CUST1063,Laptop,7,200.3,2023-04-26,West
847,CUST1043,Mouse,3,713.74,2023-04-27,North
848,CUST1070,Tablet,6,1739.45,2023-04-28,North
849,CUST1072,Mouse,6,470.28,2023-04-29,South
850,CUST1000,Keyboard,3,752.74,2023-04-30,East
851,CUST1071,Phone,7,183.59,2023-05-01,West
852,CUST1055,Mouse,3,1538.15,2023-05-02,North
853,CUST1038,Mouse,8,846.2,2023-05-03,North
854,CUST1065,Tablet,4,1530.54,2023-05-04,
855,CUST1096,Keyboard,1,1812.04,2023-05-05,North
856,CUST1009,Tablet,4,503.89,2023-05-06,South
857,CUST1069,Phone,7,1624.42,2023-05-07,
858,CUST1069,Mouse,4,165.23,2023-05-08,East
859,CUST1098,Mouse,6,1802.75,2023-05-09,North
860,CUST1026,Tablet,9,1319.0,2023-05-10,North
861,CUST1082,Phone,1,1754.74,2023-05-11,South
862,CUST1003,Keyboard,5,50.37,2023-05-12,West
863,CUST1005,Headphones,7,379.71,2023-05-13,East
864,CUST1092,Laptop,1,810.03,2023-05-14,West
865,CUST1079,Laptop,4,790.03,2023-05-15,East
866,CUST1093,Monitor,6,492.12,2023-05-16,West
867,CUST1030,,2,794.14,2023-05-17,East
868,CUST1073,Laptop,5,301.25,2023-05-18,South
869,CUST1034,Laptop,1,854.88,2023-05-19,East
870,CUST1068,Keyboard,6,1614.59,2023-05-20,East
871,CUST1092,Tablet,6,984.19,2023-05-21,East
872,CUST1022,Headphones,4,85.1,2023-05-22,North
873,CUST1045,Mouse,8,871.82,2023-05-23,West
874,CUST1080,Laptop,4,102.99,2023-05-24,South
875,CUST1077,Keyboard,8,1934.17,2023-05-25,West
876,CUST1078,Monitor,8,298.54,2023-05-26,West
877,CUST1045,Laptop,5,1429.99,2023-05-27,South
878,CUST1045,Mouse,4,1946.91,2023-05-28,West
879,CUST1099,Mouse,2,1660.78,2023-05-29,East
880,CUST1093,Headphones,3,1413.66,2023-05-30,West
881,CUST1092,Monitor,3,1686.95,2023-05-31,West
882,CUST1006,,4,1964.51,2023-06-01,East
883,CUST1040,Phone,4,1261.62,2023-06-02,East
884,CUST1019,Phone,5,1140.41,2023-06-03,South
885,CUST1083,Phone,4,1275.06,2023-06-04,South
886,CUST1030,Mouse,8,1088.72,2023-06-05,East
887,CUST1000,Tablet,6,1288.42,2023-06-06,East
888,CUST1029,Mouse,6,927.19,2023-06-07,North
889,CUST1011,Mouse,8,475.96,2023-06-08,West
890,CUST1065,Phone,7,284.48,2023-06-09,West
891,CUST1044,Phone,8,183.26,2023-06-10,North
892,CUST1063,Keyboard,2,563.47,2023-06-11,East
893,CUST1081,Keyboard,9,139.94,2023-06-12,South
894,,Tablet,1,1155.98,2023-06-13,East
895,CUST1032,Monitor,8,603.47,2023-06-14,West
896,CUST1010,Headphones,4,1657.84,2023-06-15,West
897,CUST1086,Mouse,4,194.77,2023-06-16,West
898,CUST1027,Headphones,5,491.39,2023-06-17,North
899,CUST1077,Monitor,8,1473.98,2023-06-18,South
900,CUST1040,Phone,5,1217.68,2023-06-19,West
901,CUST1028,Tablet,8,175.76,2023-06-20,North
902,CUST1002,Headphones,1,1760.62,2023-06-21,North
903,CUST1009,Keyboard,9,1760.66,2023-06-22,West
904,CUST1010,Phone,6,694.3,2023-06-23,North
905,CUST1069,Laptop,3,713.79,2023-06-24,East
906,CUST1059,Laptop,8,1978.61,2023-06-25,South
907,CUST1012,Monitor,9,1271.04,2023-06-26,West
908,CUST1042,Phone,6,1086.07,2023-06-27,South
909,CUST1082,Mouse,7,1684.4,2023-06-28,West
910,CUST1020,Tablet,1,606.32,2023-06-29,North
911,CUST1064,Monitor,5,886.91,2023-06-30,North
912,CUST1056,Monitor,5,572.16,2023-07-01,North
913,CUST1076,Phone,4,1588.86,2023-07-02,East
914,CUST1075,Laptop,6,1168.03,2023-07-03,East
915,CUST1014,Phone,7,1334.71,2023-07-04,West
916,CUST1059,Monitor,9,542.0,2023-07-05,
917,CUST1057,Mouse,1,479.44,2023-07-06,North
918,CUST1014,Phone,6,1002.33,2023-07-07,East
919,CUST1018,Mouse,7,1488.25,2023-07-08,South
920,CUST1049,Monitor,3,1074.22,2023-07-09,East
921,CUST1100,Mouse,8,113.66,2023-07-10,South
922,CUST1042,Laptop,5,1743.68,2023-07-11,North
923,CUST1014,Phone,9,176.14,2023-07-12,West
924,CUST1087,Phone,5,1913.86,2023-07-13,East
925,CUST1050,Monitor,9,99.03,2023-07-14,North
926,CUST1079,Mouse,4,1404.18,2023-07-15,South
927,CUST1065,Laptop,9,210.3,2023-07-16,North
928,CUST1021,Phone,5,1825.82,2023-07-17,South
929,CUST1039,Headphones,9,955.64,2023-07-18,West
930,CUST1078,Headphones,3,318.17,2023-07-19,South
931,CUST1045,Keyboard,4,714.59,2023-07-20,South
932,CUST1034,Keyboard,9,371.41,2023-07-21,East
933,CUST1054,Phone,6,382.63,2023-07-22,North
934,CUST1049,Phone,2,1898.81,2023-07-23,North
935,CUST1097,Monitor,7,918.23,2023-07-24,South
936,CUST1098,Mouse,2,1588.16,2023-07-25,East
937,CUST1048,Headphones,2,1297.23,2023-07-26,East
938,CUST1072,Laptop,1,1369.03,2023-07-27,West
939,,Laptop,3,306.8,2023-07-28,North
940,CUST1029,Laptop,6,506.66,2023-07-29,West
941,CUST1006,Mouse,8,1584.16,2023-07-30,East
942,CUST1056,Laptop,9,1942.99,2023-07-31,North
943,CUST1031,Keyboard,7,562.22,2023-08-01,North
944,CUST1094,,4,579.56,2023-08-02,West
945,CUST1088,Tablet,6,972.15,2023-08-03,North
946,CUST1009,Laptop,5,1968.49,2023-08-04,South
947,CUST1061,Monitor,8,574.47,2023-08-05,East
948,CUST1057,Tablet,1,843.6,2023-08-06,North
949,CUST1078,Laptop,1,1788.39,2023-08-07,West
950,CUST1045,Laptop,6,55.7,2023-08-08,South
951,CUST1084,Mouse,2,127.54,2023-08-09,West
952,CUST1041,Tablet,5,1227.94,2023-08-10,West
953,CUST1092,Phone,1,1819.39,2023-08-11,East
954,CUST1057,Tablet,7,515.77,2023-08-12,North
955,CUST1007,Tablet,1,965.8,2023-08-13,South
956,CUST1037,Laptop,4,928.41,2023-08-14,West
957,CUST1067,Laptop,9,972.29,2023-08-15,East
958,CUST1047,Laptop,1,1263.91,2023-08-16,West
959,CUST1082,Keyboard,4,966.0,2023-08-17,East
960,CUST1095,Phone,6,922.56,2023-08-18,West
961,CUST1093,Phone,6,974.86,2023-08-19,North
962,CUST1034,Tablet,8,1202.19,2023-08-20,West
963,CUST1100,Monitor,1,1097.16,2023-08-21,East
964,CUST1009,Phone,7,1715.57,2023-08-22,East
965,CUST1090,Tablet,1,146.52,2023-08-23,North
966,CUST1068,Monitor,7,1674.97,2023-08-24,West
967,CUST1074,Headphones,3,1695.65,2023-08-25,North
968,CUST1063,Headphones,8,605.57,2023-08-26,South
969,CUST1046,Phone,3,952.56,2023-08-27,South
970,CUST1039,Mouse,1,905.15,2023-08-28,East
971,CUST1092,Mouse,8,476.09,2023-08-29,West
972,CUST1090,Headphones,3,823.75,2023-08-30,East
973,CUST1060,Headphones,2,136.56,2023-08-31,South
974,CUST1074,Mouse,1,591.75,2023-09-01,South
975,CUST1090,Headphones,3,1642.53,2023-09-02,West
976,CUST1093,Monitor,2,604.9,2023-09-03,North
977,CUST1092,Tablet,2,1645.5,2023-09-04,North
978,CUST1057,Mouse,6,1086.62,2023-09-05,West
979,CUST1094,Headphones,1,1765.73,2023-09-06,South
980,CUST1033,Tablet,2,1170.82,2023-09-07,East
981,CUST1048,Phone,6,107.85,2023-09-08,West
982,CUST1011,Phone,3,1367.07,2023-09-09,North
983,CUST1085,Monitor,4,137.46,2023-09-10,South
984,CUST1058,Phone,1,928.66,2023-09-11,North
985,CUST1041,Headphones,8,1862.38,2023-09-12,South
986,CUST1081,Monitor,7,372.15,2023-09-13,East
987,CUST1009,Monitor,7,810.25,2023-09-14,East
988,CUST1098,Keyboard,3,1473.23,2023-09-15,South
989,CUST1059,Mouse,3,1770.4,2023-09-16,West
990,CUST1008,Headphones,2,1358.34,2023-09-17,South
991,CUST1095,Tablet,1,553.44,2023-09-18,North
992,CUST1009,Monitor,7,1365.49,2023-09-19,North
993,CUST1002,Keyboard,7,628.62,2023-09-20,South
994,CUST1067,Phone,2,1450.94,2023-09-21,North
995,CUST1074,Headphones,7,1910.36,2023-09-22,East
996,CUST1021,Monitor,8,1456.72,2023-09-23,West
997,CUST1031,Tablet,1,1732.62,2023-09-24,East
998,CUST1054,Phone,9,54.1,2023-09-25,North
999,CUST1057,Keyboard,7,1449.27,2023-09-26,West
1000,CUST1087,Keyboard,3,1667.7,2023-09-27,East
1001,CUST1056,Mouse,8,129.09,2023-09-28,North
1002,CUST1021,Monitor,7,1749.62,2023-09-29,South
1003,CUST1064,Mouse,8,550.55,2023-09-30,East
1004,CUST1008,Mouse,6,1347.32,2023-10-01,North
1005,CUST1092,Headphones,9,1610.69,2023-10-02,East
1006,CUST1100,Headphones,5,1342.2,2023-10-03,North
1007,CUST1030,Mouse,3,229.96,2023-10-04,
1008,CUST1001,Monitor,3,1212.83,2023-10-05,South
1009,CUST1075,Tablet,1,1121.69,2023-10-06,South
1010,CUST1092,Monitor,8,1805.63,2023-10-07,South
1011,CUST1075,Keyboard,2,838.27,2023-10-08,North
1012,CUST1027,Mouse,3,676.11,2023-10-09,East
1013,CUST1089,Phone,8,1512.21,2023-10-10,East
1014,CUST1037,Keyboard,8,854.72,2023-10-11,South
1015,CUST1041,Phone,4,1309.89,2023-10-12,East
1016,CUST1000,Keyboard,4,1310.58,2023-10-13,South
1017,CUST1007,Monitor,5,1781.68,2023-10-14,
1018,CUST1051,Laptop,6,1217.45,2023-10-15,West
1019,CUST1079,,5,1029.2,2023-10-16,South
1020,CUST1051,Mouse,7,320.8,2023-10-17,North
1021,CUST1098,Mouse,2,275.69,2023-10-18,West
1022,CUST1076,Headphones,7,350.93,2023-10-19,East
1023,CUST1028,Monitor,7,385.1,2023-10-20,North
1024,CUST1020,Headphones,1,1293.86,2023-10-21,West
1025,CUST1080,Keyboard,7,1494.91,2023-10-22,North
1026,CUST1097,Mouse,5,1083.48,2023-10-23,West
1027,CUST1012,Laptop,3,1666.58,2023-10-24,East
1028,CUST1015,Phone,3,1982.96,2023-10-25,East
1029,CUST1032,Monitor,4,1649.02,2023-10-26,South
1030,CUST1078,Mouse,2,1405.02,2023-10-27,South
1031,CUST1007,Keyboard,2,1088.36,2023-10-28,East
1032,CUST1047,Tablet,1,925.26,2023-10-29,East
1033,CUST1100,Keyboard,5,214.57,2023-10-30,East
1034,CUST1095,Laptop,4,828.77,2023-10-31,South
1035,CUST1051,Phone,2,1824.76,2023-11-01,South
1036,CUST1097,Mouse,3,1625.64,2023-11-02,West
1037,CUST1051,Headphones,7,471.3,2023-11-03,North
1038,CUST1098,Headphones,7,959.89,2023-11-04,South
1039,CUST1053,Monitor,4,1642.61,2023-11-05,North
1040,CUST1062,Phone,5,181.4,2023-11-06,South
1041,CUST1027,Phone,5,805.42,2023-11-07,North
1042,CUST1041,Laptop,6,1711.09,2023-11-08,West
1043,CUST1001,Mouse,9,837.6,2023-11-09,East
1044,CUST1097,Phone,2,201.35,2023-11-10,South
1045,CUST1010,Mouse,5,1107.94,2023-11-11,South
1046,CUST1093,Monitor,3,1730.4,2023-11-12,East
1047,CUST1039,Keyboard,4,1201.06,2023-11-13,South
1048,CUST1033,Laptop,6,491.24,2023-11-14,East
1049,CUST1022,Mouse,8,799.27,2023-11-15,West
1050,CUST1001,Mouse,1,927.74,2023-11-16,West
1051,CUST1010,Headphones,8,1179.57,2023-11-17,South
1052,CUST1094,Laptop,7,1530.73,2023-11-18,North
1053,CUST1044,Headphones,1,242.8,2023-11-19,East
1054,CUST1080,Mouse,2,1784.82,2023-11-20,West
1055,CUST1030,Tablet,3,74.0,2023-11-21,East
1056,CUST1019,Laptop,1,771.6,2023-11-22,South
1057,CUST1063,Laptop,9,103.47,2023-11-23,West
1058,CUST1009,Monitor,8,816.3,2023-11-24,North
1059,CUST1088,Mouse,2,1075.33,2023-11-25,North
1060,CUST1100,Keyboard,9,1047.78,2023-11-26,East
1061,CUST1048,Phone,7,372.98,2023-11-27,North
1062,CUST1018,Headphones,9,1309.19,2023-11-28,North
1063,,Phone,6,137.32,2023-11-29,West
1064,CUST1029,Tablet,6,1535.72,2023-11-30,West
1065,CUST1045,Headphones,4,1895.96,2023-12-01,South
1066,CUST1068,Phone,2,712.55,2023-12-02,North
1067,CUST1040,Monitor,7,1058.62,2023-12-03,West
1068,CUST1063,Monitor,5,788.88,2023-12-04,West
1069,CUST1084,Headphones,6,63.09,2023-12-05,South
1070,CUST1025,,2,802.46,2023-12-06,East
1071,CUST1044,Keyboard,5,1593.85,2023-12-07,West
1072,CUST1076,Tablet,4,1212.18,2023-12-08,East
1073,CUST1015,,9,247.46,2023-12-09,East
1074,CUST1041,Monitor,6,1701.92,2023-12-10,South
1075,CUST1034,Keyboard,2,1085.62,2023-12-11,East
1076,CUST1085,Phone,1,1691.36,2023-12-12,South
1077,CUST1016,Headphones,5,1181.43,2023-12-13,South
1078,CUST1089,Monitor,9,1141.39,2023-12-14,West
1079,CUST1073,Headphones,6,255.26,2023-12-15,South
1080,CUST1085,,7,376.35,2023-12-16,North
1081,CUST1048,Monitor,5,1945.45,2023-12-17,East
1082,CUST1020,Phone,6,495.55,2023-12-18,South
1083,CUST1026,Laptop,5,1956.03,2023-12-19,North
1084,CUST1011,Tablet,9,1087.23,2023-12-20,North
1085,CUST1075,Tablet,6,314.79,2023-12-21,North
1086,CUST1078,Phone,8,243.64,2023-12-22,South
1087,CUST1044,Keyboard,2,457.28,2023-12-23,East
1088,CUST1052,Mouse,9,1854.99,2023-12-24,East
1089,CUST1001,Tablet,5,857.59,2023-12-25,South
1090,CUST1040,Phone,7,821.1,2023-12-26,East
1091,CUST1032,Headphones,1,660.75,2023-12-27,South
1092,CUST1058,Keyboard,5,336.77,2023-12-28,West
1093,CUST1058,Mouse,2,1001.31,2023-12-29,West
1094,CUST1089,Tablet,6,303.59,2023-12-30,West
1095,CUST1009,Headphones,1,1679.19,2023-12-31,West
1096,CUST1052,Phone,3,772.27,2024-01-01,South
1097,CUST1050,Laptop,5,780.87,2024-01-02,North
1098,CUST1048,Headphones,4,974.31,2024-01-03,West
1099,CUST1079,Phone,3,916.05,2024-01-04,West
1100,CUST1024,Headphones,5,1989.97,2024-01-05,East
1101,CUST1035,Laptop,8,1113.49,2024-01-06,East
1102,CUST1009,Mouse,4,221.99,2024-01-07,North
1103,CUST1080,Mouse,1,1233.41,2024-01-08,West
1104,CUST1064,Laptop,7,345.59,2024-01-09,South
1105,CUST1001,Headphones,8,110.33,2024-01-10,South
1106,CUST1064,Laptop,3,1942.95,2024-01-11,South
1107,CUST1022,Mouse,6,1558.4,2024-01-12,North
1108,CUST1014,Tablet,2,1961.21,2024-01-13,North
1109,CUST1058,Monitor,7,981.86,2024-01-14,West
1110,CUST1024,Monitor,8,1087.9,2024-01-15,East
1111,CUST1029,Phone,6,378.26,2024-01-16,North
1112,CUST1057,Phone,6,531.47,2024-01-17,South
1113,CUST1043,Headphones,5,1685.17,2024-01-18,South
1114,CUST1031,Mouse,8,744.56,2024-01-19,East
1115,CUST1032,Laptop,1,1662.29,2024-01-20,North
1116,CUST1033,Monitor,4,1432.58,2024-01-21,West
1117,CUST1037,Mouse,4,395.48,2024-01-22,South
1118,CUST1037,Mouse,3,1039.52,2024-01-23,South
1119,CUST1069,Headphones,3,1370.91,2024-01-24,South
1120,,Mouse,4,508.32,2024-01-25,West
1121,CUST1032,Monitor,1,1669.84,2024-01-26,East
1122,CUST1060,Phone,2,1112.41,2024-01-27,South
1123,CUST1066,Keyboard,9,372.22,2024-01-28,East
1124,CUST1055,Laptop,2,1186.82,2024-01-29,West
1125,CUST1091,Phone,5,1999.44,2024-01-30,West
1126,CUST1084,Laptop,9,343.52,2024-01-31,North
1127,CUST1043,Mouse,9,1642.68,2024-02-01,South
1128,CUST1007,Laptop,8,454.25,2024-02-02,West
1129,CUST1080,Headphones,1,1575.66,2024-02-03,North
1130,CUST1079,Keyboard,1,1482.43,2024-02-04,North
1131,CUST1039,Mouse,9,635.95,2024-02-05,North
1132,CUST1027,Monitor,8,685.36,2024-02-06,South
1133,CUST1076,Phone,9,1595.42,2024-02-07,South
1134,CUST1099,Mouse,7,949.82,2024-02-08,North
1135,CUST1067,Mouse,3,1475.1,2024-02-09,East
1136,CUST1066,Phone,3,338.57,2024-02-10,West
1137,CUST1055,Headphones,2,1712.49,2024-02-11,South
1138,CUST1003,Keyboard,5,1436.23,2024-02-12,South
1139,CUST1006,Mouse,3,1818.54,2024-02-13,West
1140,CUST1041,Headphones,6,308.13,2024-02-14,East
1141,CUST1006,Monitor,2,1206.38,2024-02-15,East
1142,CUST1037,Keyboard,3,1218.29,2024-02-16,East
1143,CUST1072,Laptop,5,739.25,2024-02-17,North
1144,CUST1036,Headphones,1,944.01,2024-02-18,South
1145,CUST1063,Headphones,1,124.06,2024-02-19,North
1146,CUST1054,Phone,9,1504.43,2024-02-20,
1147,CUST1016,Tablet,7,1121.18,2024-02-21,East
1148,CUST1083,Keyboard,1,162.6,2024-02-22,
1149,CUST1093,Keyboard,8,1377.47,2024-02-23,South
1150,CUST1030,Tablet,3,960.23,2024-02-24,South
1151,CUST1098,Laptop,8,117.2,2024-02-25,East
1152,CUST1069,Monitor,5,1940.74,2024-02-26,East
1153,CUST1100,Keyboard,1,1900.77,2024-02-27,East
1154,CUST1073,Tablet,7,1050.16,2024-02-28,South
1155,CUST1069,Phone,5,232.66,2024-02-29,South
1156,CUST1055,Mouse,6,1521.51,2024-03-01,West
1157,CUST1030,Monitor,6,1009.27,2024-03-02,East
1158,,Mouse,8,639.77,2024-03-03,East
1159,CUST1088,Headphones,9,1008.27,2024-03-04,West
1160,CUST1096,Tablet,2,1068.77,2024-03-05,East
1161,CUST1019,Headphones,9,1147.29,2024-03-06,South
1162,CUST1090,Keyboard,9,910.39,2024-03-07,West
1163,CUST1086,Laptop,7,1231.22,2024-03-08,South
1164,CUST1020,Headphones,1,1841.53,2024-03-09,West
1165,CUST1085,Phone,7,756.42,2024-03-10,East
1166,CUST1065,Mouse,5,1465.15,2024-03-11,East
1167,CUST1046,Mouse,6,1794.18,2024-03-12,South
1168,CUST1059,Headphones,7,939.16,2024-03-13,West
1169,CUST1023,Tablet,5,914.74,2024-03-14,South
1170,CUST1080,Mouse,7,1224.13,2024-03-15,South
1171,CUST1064,,9,1203.24,2024-03-16,North
1172,CUST1044,Phone,3,1622.85,2024-03-17,South
1173,CUST1064,Headphones,8,979.14,2024-03-18,North
1174,CUST1015,Tablet,2,1992.44,2024-03-19,South
1175,CUST1021,Keyboard,7,165.97,2024-03-20,West
1176,CUST1000,Tablet,2,56.18,2024-03-21,West
1177,,Tablet,4,1298.39,2024-03-22,
1178,CUST1080,Laptop,7,631.95,2024-03-23,West
1179,CUST1061,Laptop,3,518.75,2024-03-24,South
1180,CUST1097,Phone,2,658.2,2024-03-25,East
1181,CUST1012,Laptop,7,549.29,2024-03-26,South
1182,CUST1058,Monitor,1,110.04,2024-03-27,East
1183,CUST1093,Mouse,8,1944.49,2024-03-28,West
1184,CUST1043,Monitor,3,480.45,2024-03-29,West
1185,CUST1062,Headphones,2,1481.36,2024-03-30,East
1186,CUST1080,Headphones,3,1537.06,2024-03-31,East
1187,CUST1007,Laptop,5,1862.05,2024-04-01,East
1188,CUST1070,Headphones,8,109.57,2024-04-02,South
1189,CUST1054,Headphones,7,1750.49,2024-04-03,East
1190,CUST1014,Keyboard,7,1078.09,2024-04-04,West
1191,,Mouse,7,1283.46,2024-04-05,East
1192,CUST1097,Keyboard,8,1306.72,2024-04-06,North
1193,CUST1081,Laptop,1,1648.61,2024-04-07,North
1194,CUST1092,Tablet,4,700.14,2024-04-08,South
1195,CUST1077,Keyboard,6,1479.45,2024-04-09,East
1196,CUST1083,Headphones,9,1080.73,2024-04-10,North
1197,CUST1082,Monitor,2,1597.12,2024-04-11,East
1198,CUST1014,Phone,1,1981.56,2024-04-12,East
1199,CUST1047,Laptop,2,441.27,2024-04-13,North
1200,CUST1042,Monitor,7,1989.56,2024-04-14,West
1201,CUST1076,Headphones,3,225.13,2024-04-15,West
1202,CUST1100,Headphones,2,54.52,2024-04-16,East
1203,CUST1082,Monitor,7,136.12,2024-04-17,West
1204,CUST1056,Phone,2,716.48,2024-04-18,South
1205,CUST1007,Keyboard,3,1284.17,2024-04-19,South
1206,CUST1084,Headphones,7,184.61,2024-04-20,North
1207,CUST1010,Mouse,4,61.05,2024-04-21,West
1208,CUST1012,Monitor,1,1877.33,2024-04-22,East
1209,CUST1042,Phone,5,1652.76,2024-04-23,West
1210,CUST1097,Monitor,9,1627.91,2024-04-24,West
1211,CUST1062,Headphones,8,1774.63,2024-04-25,North
1212,CUST1079,Monitor,9,1415.07,2024-04-26,South
1213,CUST1079,Keyboard,9,253.59,2024-04-27,West
1214,CUST1080,Keyboard,7,828.25,2024-04-28,North
1215,CUST1019,Phone,4,1460.14,2024-04-29,
1216,CUST1075,Phone,5,596.65,2024-04-30,East
1217,CUST1000,Keyboard,1,1390.44,2024-05-01,South
1218,CUST1097,Laptop,1,97.77,2024-05-02,East
1219,CUST1054,Headphones,3,646.97,2024-05-03,East
1220,CUST1083,Mouse,8,1120.8,2024-05-04,East
1221,CUST1096,Monitor,2,1282.58,2024-05-05,North
1222,CUST1078,Headphones,4,1175.23,2024-05-06,West
1223,CUST1037,Phone,2,1410.62,2024-05-07,South
1224,CUST1071,Tablet,5,61.87,2024-05-08,West
1225,CUST1023,Laptop,9,246.84,2024-05-09,North
1226,CUST1022,Tablet,1,1744.44,2024-05-10,West
1227,CUST1039,Headphones,5,1379.41,2024-05-11,West
1228,CUST1033,Laptop,9,270.22,2024-05-12,East
1229,CUST1038,Headphones,1,1692.05,2024-05-13,West
1230,CUST1040,Tablet,9,522.35,2024-05-14,South
1231,CUST1097,Mouse,8,982.61,2024-05-15,West
1232,CUST1071,Monitor,4,333.13,2024-05-16,South
1233,CUST1087,Tablet,5,1434.71,2024-05-17,South
1234,CUST1032,Phone,5,1350.37,2024-05-18,North
1235,CUST1100,Phone,6,461.67,2024-05-19,West
1236,CUST1084,Keyboard,7,1733.63,2024-05-20,West
1237,CUST1056,Headphones,8,832.55,2024-05-21,South
1238,CUST1055,Keyboard,8,620.4,2024-05-22,North
1239,CUST1065,Keyboard,2,347.04,2024-05-23,South
1240,CUST1053,Keyboard,9,569.03,2024-05-24,West
1241,CUST1069,Monitor,7,92.95,2024-05-25,North
1242,CUST1026,Keyboard,4,1187.35,2024-05-26,South
1243,CUST1073,Phone,4,1692.35,2024-05-27,
1244,CUST1059,Tablet,8,1120.51,2024-05-28,South
1245,CUST1043,Mouse,4,477.58,2024-05-29,West
1246,CUST1023,Mouse,6,115.65,2024-05-30,West
1247,CUST1022,Laptop,5,468.52,2024-05-31,East
1248,CUST1087,Mouse,3,861.44,2024-06-01,East
1249,CUST1041,Laptop,2,1531.24,2024-06-02,East
1250,CUST1071,Phone,9,416.29,2024-06-03,South
1251,CUST1028,Laptop,9,1453.59,2024-06-04,East
1252,CUST1003,Keyboard,1,1740.52,2024-06-05,East
1253,CUST1085,Keyboard,3,935.2,2024-06-06,West
1254,CUST1029,Keyboard,8,1651.79,2024-06-07,South
1255,CUST1049,Tablet,6,1131.58,2024-06-08,North
1256,CUST1013,Mouse,5,1292.33,2024-06-09,West
1257,CUST1007,Monitor,5,1076.24,2024-06-10,North
1258,CUST1083,Headphones,6,953.19,2024-06-11,South
1259,CUST1094,Phone,7,507.57,2024-06-12,North
1260,CUST1068,Keyboard,1,641.23,2024-06-13,West
1261,CUST1085,Laptop,9,615.44,2024-06-14,East
1262,CUST1007,Monitor,3,1148.41,2024-06-15,East
1263,CUST1093,Headphones,4,283.91,2024-06-16,South
1264,CUST1027,Headphones,1,1837.74,2024-06-17,East
1265,CUST1014,Laptop,3,1455.28,2024-06-18,South
1266,CUST1076,Headphones,2,832.82,2024-06-19,East
1267,CUST1031,Monitor,2,359.32,2024-06-20,North
1268,CUST1073,Monitor,1,1769.88,2024-06-21,West
1269,CUST1090,Laptop,8,1656.37,2024-06-22,West
1270,CUST1027,Phone,3,1457.36,2024-06-23,North
1271,CUST1038,Keyboard,3,579.52,2024-06-24,East
1272,CUST1067,Phone,6,834.77,2024-06-25,North
1273,CUST1028,Headphones,8,250.36,2024-06-26,North
1274,CUST1088,Tablet,9,418.63,2024-06-27,South
1275,CUST1050,Laptop,9,1576.88,2024-06-28,East
1276,CUST1016,Mouse,4,1444.33,2024-06-29,North
1277,CUST1040,Phone,5,1207.3,2024-06-30,South
1278,CUST1010,Keyboard,2,1796.67,2024-07-01,East
1279,CUST1046,Keyboard,9,1187.37,2024-07-02,North
1280,CUST1065,Keyboard,8,960.59,2024-07-03,West
1281,CUST1100,Tablet,3,713.72,2024-07-04,South
1282,,Keyboard,9,1883.87,2024-07-05,South
1283,CUST1039,Headphones,3,211.3,2024-07-06,West
1284,CUST1041,Laptop,9,1865.23,2024-07-07,South
1285,CUST1015,Monitor,2,1662.09,2024-07-08,East
1286,CUST1006,Tablet,9,303.36,2024-07-09,West
1287,CUST1068,Monitor,8,1151.72,2024-07-10,West
1288,CUST1010,Keyboard,9,1739.77,2024-07-11,South
1289,CUST1015,Keyboard,5,1165.03,2024-07-12,North
1290,CUST1088,Keyboard,2,1819.04,2024-07-13,North
1291,CUST1094,Tablet,8,1888.82,2024-07-14,East
1292,CUST1098,Mouse,6,873.65,2024-07-15,North
1293,CUST1008,Headphones,8,785.76,2024-07-16,South
1294,CUST1004,Keyboard,5,1875.83,2024-07-17,East
1295,CUST1095,Tablet,2,1366.52,2024-07-18,South
1296,CUST1087,Headphones,6,276.24,2024-07-19,East
1297,CUST1042,Phone,5,132.47,2024-07-20,East
1298,CUST1029,Monitor,5,1151.03,2024-07-21,East
1299,CUST1009,Monitor,1,1863.83,2024-07-22,North
1300,CUST1022,Tablet,2,1696.28,2024-07-23,North
1301,CUST1072,Laptop,8,1367.9,2024-07-24,East
1302,CUST1006,Headphones,3,321.28,2024-07-25,
1303,CUST1009,Headphones,3,545.75,2024-07-26,West
1304,CUST1081,Tablet,8,1757.25,2024-07-27,North
1305,CUST1023,Mouse,8,406.47,2024-07-28,East
1306,CUST1075,Tablet,2,592.96,2024-07-29,South
1307,CUST1050,Laptop,8,302.72,2024-07-30,South
1308,CUST1035,Tablet,1,1368.41,2024-07-31,East
1309,CUST1061,Monitor,6,1890.77,2024-08-01,East
1310,CUST1019,Mouse,8,574.49,2024-08-02,
1311,CUST1090,Headphones,3,977.04,2024-08-03,South
1312,CUST1002,Keyboard,8,1286.96,2024-08-04,West
1313,CUST1035,Phone,1,1998.96,2024-08-05,South
1314,CUST1047,Mouse,9,254.38,2024-08-06,South
1315,,Mouse,9,1022.21,2024-08-07,North
1316,CUST1055,Phone,5,800.98,2024-08-08,North
1317,CUST1096,Mouse,4,1738.35,2024-08-09,West
1318,,Mouse,6,978.14,2024-08-10,South
1319,CUST1054,Mouse,7,266.41,2024-08-11,North
1320,CUST1082,Laptop,5,1287.13,2024-08-12,North
1321,CUST1053,Headphones,9,1553.02,2024-08-13,South
1322,CUST1051,Tablet,3,55.62,2024-08-14,East
1323,CUST1075,Monitor,7,1724.97,2024-08-15,South
1324,CUST1070,Mouse,5,412.74,2024-08-16,South
1325,CUST1006,Keyboard,7,1126.54,2024-08-17,North
1326,CUST1083,Mouse,2,860.81,2024-08-18,West
1327,CUST1099,Monitor,4,1453.32,2024-08-19,South
1328,CUST1086,,2,773.77,2024-08-20,West
1329,CUST1043,Headphones,7,1746.04,2024-08-21,South
1330,CUST1033,Monitor,2,1474.47,2024-08-22,South
1331,CUST1009,Headphones,1,1313.04,2024-08-23,East
1332,CUST1051,Headphones,9,1602.67,2024-08-24,East
1333,CUST1085,Monitor,1,1520.34,2024-08-25,South
1334,CUST1081,,8,120.08,2024-08-26,East
1335,CUST1060,Keyboard,2,819.73,2024-08-27,West
1336,CUST1019,Headphones,8,1865.07,2024-08-28,South
1337,CUST1008,Mouse,3,295.16,2024-08-29,North
1338,CUST1066,Monitor,6,1487.34,2024-08-30,South
1339,CUST1078,Tablet,3,1950.45,2024-08-31,South
1340,CUST1096,Mouse,7,151.79,2024-09-01,South
1341,CUST1068,Mouse,9,1380.28,2024-09-02,East
1342,CUST1096,Laptop,2,962.9,2024-09-03,West
1343,CUST1004,Phone,5,1179.39,2024-09-04,South
1344,CUST1041,Laptop,6,216.42,2024-09-05,West
1345,CUST1006,Laptop,4,133.86,2024-09-06,North
1346,CUST1075,Keyboard,4,1350.39,2024-09-07,North
1347,CUST1088,Laptop,4,1655.45,2024-09-08,West
1348,CUST1062,Tablet,2,1574.93,2024-09-09,South
1349,CUST1031,Laptop,4,1110.42,2024-09-10,West
1350,CUST1021,Laptop,1,244.74,2024-09-11,West
1351,CUST1019,Monitor,6,1391.69,2024-09-12,East
1352,CUST1066,Headphones,1,521.68,2024-09-13,East
1353,CUST1072,Keyboard,6,1826.58,2024-09-14,West
1354,CUST1060,Laptop,1,1684.62,2024-09-15,West
1355,CUST1077,Monitor,6,1433.3,2024-09-16,North
1356,CUST1092,Laptop,8,1900.25,2024-09-17,East
1357,CUST1027,Laptop,2,111.27,2024-09-18,North
1358,CUST1038,Tablet,2,1485.59,2024-09-19,West
1359,CUST1087,Tablet,4,693.97,2024-09-20,South
1360,CUST1039,Laptop,3,1816.83,2024-09-21,West
1361,CUST1038,Tablet,4,570.02,2024-09-22,East
1362,CUST1022,Phone,7,1463.47,2024-09-23,West
1363,CUST1069,Phone,1,1761.41,2024-09-24,South
1364,CUST1097,Laptop,6,131.23,2024-09-25,South
1365,CUST1080,Headphones,3,825.41,2024-09-26,East
1366,CUST1014,Mouse,7,1536.5,2024-09-27,East
1367,CUST1048,Tablet,2,937.09,2024-09-28,West
1368,CUST1013,Phone,2,571.14,2024-09-29,North
1369,CUST1098,Laptop,4,478.62,2024-09-30,South
1370,CUST1068,Monitor,1,306.46,2024-10-01,North
1371,CUST1075,Keyboard,3,1721.4,2024-10-02,West
1372,CUST1078,Phone,9,1171.94,2024-10-03,North
1373,CUST1024,Headphones,7,198.95,2024-10-04,North
1374,,Monitor,7,796.03,2024-10-05,South
1375,CUST1028,Tablet,4,767.08,2024-10-06,East
1376,CUST1037,Mouse,2,404.39,2024-10-07,North
1377,CUST1009,Laptop,4,899.24,2024-10-08,West
1378,CUST1077,Keyboard,6,697.59,2024-10-09,West
1379,CUST1072,Headphones,3,716.52,2024-10-10,West
1380,CUST1000,Phone,1,1491.1,2024-10-11,East
1381,CUST1027,Tablet,8,485.36,2024-10-12,East
1382,CUST1056,Headphones,5,1301.63,2024-10-13,South
1383,CUST1013,Phone,5,1162.77,2024-10-14,East
1384,CUST1042,Laptop,4,1157.78,2024-10-15,South
1385,CUST1034,Headphones,6,1342.86,2024-10-16,
1386,CUST1020,Mouse,3,1119.34,2024-10-17,South
1387,CUST1070,Phone,9,1764.55,2024-10-18,West
1388,CUST1062,Tablet,5,1367.38,2024-10-19,South
1389,CUST1073,Tablet,3,1116.58,2024-10-20,North
1390,CUST1072,Keyboard,1,1668.04,2024-10-21,South
1391,CUST1071,Monitor,6,1231.99,2024-10-22,South
1392,CUST1087,Laptop,2,617.73,2024-10-23,North
1393,CUST1080,Mouse,3,453.84,2024-10-24,East
1394,CUST1045,Keyboard,1,347.04,2024-10-25,South
1395,CUST1051,Phone,9,1803.94,2024-10-26,South
1396,,Tablet,8,1434.76,2024-10-27,North
1397,CUST1091,Headphones,2,1877.89,2024-10-28,East
1398,CUST1036,Monitor,8,1226.42,2024-10-29,North
1399,CUST1049,Mouse,9,973.13,2024-10-30,East
1400,CUST1043,Headphones,1,166.45,2024-10-31,East
1401,CUST1008,Keyboard,5,1359.7,2024-11-01,North
1402,CUST1025,Mouse,8,1185.31,2024-11-02,South
1403,CUST1047,Monitor,2,1980.91,2024-11-03,North
1404,CUST1003,Mouse,4,516.36,2024-11-04,South
1405,CUST1055,Phone,7,1084.94,2024-11-05,West
1406,CUST1094,Phone,3,1319.37,2024-11-06,East
1407,CUST1087,Headphones,5,1306.95,2024-11-07,North
1408,CUST1064,Tablet,8,1144.52,2024-11-08,East
1409,CUST1076,Phone,3,1565.01,2024-11-09,South
1410,CUST1048,Headphones,4,449.71,2024-11-10,West
1411,CUST1063,Monitor,9,1464.97,2024-11-11,West
1412,CUST1003,Headphones,7,1258.48,2024-11-12,South
1413,CUST1051,Tablet,1,1797.35,2024-11-13,North
1414,CUST1100,Keyboard,4,1702.03,2024-11-14,North
1415,CUST1065,Tablet,4,664.54,2024-11-15,West
1416,CUST1057,Mouse,9,588.66,2024-11-16,West
1417,CUST1085,Laptop,6,1964.22,2024-11-17,West
1418,,Monitor,9,1078.17,2024-11-18,North
1419,CUST1057,Laptop,6,1817.52,2024-11-19,North
1420,CUST1061,Monitor,6,369.57,2024-11-20,North
1421,CUST1068,Tablet,5,1303.5,2024-11-21,North
1422,CUST1006,Tablet,5,1629.23,2024-11-22,West
1423,CUST1089,Phone,2,1897.42,2024-11-23,West
1424,CUST1000,Keyboard,8,707.81,2024-11-24,
1425,CUST1030,Tablet,8,1463.71,2024-11-25,South
1426,CUST1074,Tablet,1,1100.69,2024-11-26,West
1427,CUST1066,Laptop,8,168.23,2024-11-27,West
1428,CUST1088,Tablet,5,1395.5,2024-11-28,South
1429,CUST1076,Monitor,2,1395.69,2024-11-29,West
1430,CUST1083,,2,1864.68,2024-11-30,
1431,CUST1016,Keyboard,6,1019.76,2024-12-01,North
1432,CUST1049,Keyboard,9,498.99,2024-12-02,North
1433,CUST1083,Keyboard,1,136.9,2024-12-03,North
1434,CUST1027,Monitor,6,860.5,2024-12-04,West
1435,CUST1095,Monitor,9,638.74,2024-12-05,North
1436,CUST1073,Mouse,8,1534.12,2024-12-06,West
1437,CUST1053,Tablet,6,740.82,2024-12-07,North
1438,CUST1062,Tablet,3,1900.69,2024-12-08,West
1439,CUST1001,Laptop,8,1926.5,2024-12-09,East
1440,CUST1054,Tablet,9,1260.77,2024-12-10,North
1441,CUST1044,Tablet,1,1860.89,2024-12-11,South
1442,CUST1095,Mouse,9,1533.67,2024-12-12,East
1443,CUST1018,Keyboard,6,1116.38,2024-12-13,South
1444,CUST1068,Tablet,6,401.6,2024-12-14,East
1445,CUST1057,Phone,4,944.27,2024-12-15,South
1446,CUST1032,Mouse,1,1143.71,2024-12-16,South
1447,CUST1035,Monitor,8,1734.73,2024-12-17,West
1448,CUST1027,Mouse,2,988.6,2024-12-18,East
1449,CUST1055,Phone,1,1800.47,2024-12-19,West
1450,CUST1029,Tablet,2,1364.98,2024-12-20,South
1451,CUST1071,Keyboard,1,317.15,2024-12-21,South
1452,CUST1086,Headphones,1,1990.21,2024-12-22,West
1453,CUST1079,Phone,9,1078.1,2024-12-23,East
1454,CUST1008,,1,814.12,2024-12-24,North
1455,CUST1065,Phone,4,1335.27,2024-12-25,North
1456,CUST1070,Laptop,6,262.34,2024-12-26,West
1457,CUST1077,Tablet,7,1291.25,2024-12-27,North
1458,CUST1044,Laptop,2,1021.56,2024-12-28,North
1459,CUST1052,Phone,6,843.01,2024-12-29,West
1460,CUST1093,Laptop,7,1908.39,2024-12-30,South
1461,CUST1051,Tablet,2,1068.95,2024-12-31,East
1462,CUST1069,Headphones,2,477.28,2025-01-01,West
1463,CUST1018,Tablet,7,944.98,2025-01-02,East
1464,CUST1080,Tablet,1,1842.81,2025-01-03,South
1465,CUST1056,Phone,8,393.39,2025-01-04,North
1466,CUST1005,Mouse,3,467.22,2025-01-05,West
1467,CUST1026,Keyboard,6,75.41,2025-01-06,South
1468,CUST1029,Monitor,9,77.67,2025-01-07,South
1469,CUST1004,Mouse,6,1667.31,2025-01-08,North
1470,CUST1051,Mouse,9,1477.64,2025-01-09,East
1471,CUST1070,Mouse,7,742.33,2025-01-10,East
1472,CUST1046,Headphones,9,1411.71,2025-01-11,West
1473,CUST1047,Keyboard,2,820.65,2025-01-12,West
1474,CUST1081,Laptop,8,1908.15,2025-01-13,East
1475,CUST1071,Monitor,8,1935.75,2025-01-14,North
1476,CUST1048,Mouse,2,815.95,2025-01-15,West
1477,CUST1083,Mouse,4,1715.73,2025-01-16,West
1478,CUST1095,Phone,7,1557.52,2025-01-17,East
1479,CUST1012,Mouse,4,654.5,2025-01-18,West
1480,CUST1038,Tablet,4,502.48,2025-01-19,South
1481,CUST1042,Phone,6,943.56,2025-01-20,South
1482,CUST1072,Keyboard,6,1573.63,2025-01-21,North
1483,CUST1047,Phone,3,1922.33,2025-01-22,South
1484,CUST1068,Keyboard,9,1538.98,2025-01-23,West
1485,CUST1029,Phone,2,1717.65,2025-01-24,East
1486,CUST1077,Tablet,6,1225.98,2025-01-25,North
1487,CUST1017,Phone,7,1679.05,2025-01-26,West
1488,CUST1019,Phone,9,1579.62,2025-01-27,East
1489,CUST1057,Headphones,3,785.12,2025-01-28,West
1490,CUST1047,Headphones,3,1126.38,2025-01-29,North
1491,CUST1034,Phone,7,1619.27,2025-01-30,East
1492,CUST1012,Keyboard,4,139.81,2025-01-31,South
1493,CUST1083,Laptop,8,1625.75,2025-02-01,South
1494,CUST1053,Headphones,7,396.88,2025-02-02,South
1495,CUST1020,Laptop,5,1053.63,2025-02-03,North
1496,CUST1038,Phone,7,1626.14,2025-02-04,South
1497,CUST1049,Tablet,3,544.95,2025-02-05,West
1498,CUST1100,Headphones,2,529.32,2025-02-06,West
1499,CUST1076,Keyboard,6,835.39,2025-02-07,South
1500,CUST1021,Laptop,2,1794.55,2025-02-08,South
92,CUST1089,Keyboard,7,1392.01,2021-04-02,North
76,CUST1053,Monitor,8,1425.5,2021-03-17,East
1265,CUST1014,Laptop,3,1455.28,2024-06-18,South
331,CUST1058,Monitor,6,365.44,2021-11-27,North
1350,CUST1021,Laptop,1,244.74,2024-09-11,West
775,CUST1010,Laptop,3,1246.27,2023-02-14,North
1039,CUST1053,Monitor,4,1642.61,2023-11-05,North
1286,CUST1006,Tablet,9,303.36,2024-07-09,West
1166,CUST1065,Mouse,5,1465.15,2024-03-11,East
336,CUST1058,Mouse,5,1027.25,2021-12-02,South
686,CUST1005,Headphones,1,218.53,2022-11-17,East
182,CUST1097,Tablet,6,1066.41,2021-07-01,East
1221,CUST1096,Monitor,2,1282.58,2024-05-05,North
102,CUST1094,Keyboard,5,718.17,2021-04-12,South
693,,Laptop,8,1664.34,2022-11-24,North
1127,CUST1043,Mouse,9,1642.68,2024-02-01,South
170,CUST1031,Phone,6,1701.98,2021-06-19,West
927,CUST1065,Laptop,9,210.3,2023-07-16,North
1296,CUST1087,Headphones,6,276.24,2024-07-19,East
415,CUST1016,Phone,8,866.23,2022-02-19,West
1411,CUST1063,Monitor,9,1464.97,2024-11-11,West
1280,CUST1065,Keyboard,8,960.59,2024-07-03,West
1465,CUST1056,Phone,8,393.39,2025-01-04,North
809,CUST1098,Mouse,9,628.16,2023-03-20,West
103,CUST1033,Tablet,3,1087.88,2021-04-13,East
1400,CUST1043,Headphones,1,166.45,2024-10-31,East
1244,CUST1059,Tablet,8,1120.51,2024-05-28,South
923,CUST1014,Phone,9,176.14,2023-07-12,West
1298,CUST1029,Monitor,5,1151.03,2024-07-21,East
762,CUST1051,Laptop,6,414.11,2023-02-01,East
